PublicHousing,HealthStatus,Supply,WaitingTime,HealthBehavior,Stamp,ParentsHealthStatus,Age,Race,Education,MaritalStatus,Race_4,Race_2,Race_1,Race_3,MaritalStatus_4,MaritalStatus_1,MaritalStatus_2,MaritalStatus_3
22,10,5,19,12,183,15,45,4,2,4,1,0,0,0,1,0,0,0
32,11,6,34,9,224,14,50,2,1,1,0,1,0,0,0,1,0,0
31,10,6,35,9,234,11,41,2,1,2,0,1,0,0,0,0,1,0
33,13,6,18,17,242,17,46,1,2,1,0,0,1,0,0,1,0,0
38,12,5,35,12,206,8,41,4,2,3,1,0,0,0,0,0,0,1
30,12,4,17,17,208,14,43,1,3,4,0,0,1,0,1,0,0,0
31,11,8,20,16,195,10,37,1,3,4,0,0,1,0,1,0,0,0
32,12,4,23,16,215,10,39,3,3,2,0,0,0,1,0,0,1,0
31,12,4,28,12,213,13,52,2,1,1,0,1,0,0,0,1,0,0
16,6,0,26,7,241,17,49,3,2,4,0,0,0,1,1,0,0,0
37,15,5,19,19,172,17,52,2,4,4,0,1,0,0,1,0,0,0
26,9,6,31,7,233,12,47,4,1,4,1,0,0,0,1,0,0,0
32,10,5,31,13,192,16,29,2,2,1,0,1,0,0,0,1,0,0
41,15,7,26,17,234,11,44,4,4,3,1,0,0,0,0,0,0,1
30,10,2,32,10,150,7,43,2,3,3,0,1,0,0,0,0,0,1
21,8,5,15,13,140,10,45,4,3,1,1,0,0,0,0,1,0,0
40,15,5,24,19,224,14,39,3,2,3,0,0,0,1,0,0,0,1
28,10,6,25,11,164,9,43,3,2,4,0,0,0,1,1,0,0,0
19,9,3,19,10,231,11,52,1,3,3,0,0,1,0,0,0,0,1
25,8,5,28,10,191,17,35,1,4,2,0,0,1,0,0,0,1,0
28,11,8,21,13,208,13,49,3,3,1,0,0,0,1,0,1,0,0
47,17,6,25,21,243,16,48,2,2,4,0,1,0,0,1,0,0,0
19,9,7,12,12,157,13,55,4,1,3,1,0,0,0,0,0,0,1
45,16,4,31,18,207,10,40,4,2,2,1,0,0,0,0,0,1,0
42,15,5,33,15,166,11,43,4,4,4,1,0,0,0,1,0,0,0
14,6,3,18,9,243,8,51,4,1,1,1,0,0,0,0,1,0,0
27,9,4,30,10,206,14,42,2,1,3,0,1,0,0,0,0,0,1
41,15,5,29,17,192,13,46,4,3,2,1,0,0,0,0,0,1,0
4,4,2,13,6,192,13,43,2,2,2,0,1,0,0,0,0,1,0
15,6,5,25,5,187,10,46,1,1,4,0,0,1,0,1,0,0,0
39,13,7,32,13,188,11,44,3,1,3,0,0,0,1,0,0,0,1
45,16,3,27,20,144,18,39,2,1,4,0,1,0,0,1,0,0,0
41,13,6,35,14,153,11,40,4,2,3,1,0,0,0,0,0,0,1
14,4,3,31,3,125,8,42,4,2,1,1,0,0,0,0,1,0,0
17,7,5,22,7,223,12,43,2,1,2,0,1,0,0,0,0,1,0
28,9,6,26,12,221,11,37,2,3,4,0,1,0,0,1,0,0,0
28,9,5,32,8,201,12,49,2,4,4,0,1,0,0,1,0,0,0
24,8,1,32,8,166,10,44,4,3,2,1,0,0,0,0,0,1,0
30,11,3,26,12,162,11,54,1,1,3,0,0,1,0,0,0,0,1
23,9,7,21,10,147,11,54,4,3,4,1,0,0,0,1,0,0,0
29,10,6,29,10,203,7,43,1,4,2,0,0,1,0,0,0,1,0
29,11,5,21,14,199,9,45,2,3,1,0,1,0,0,0,1,0,0
33,11,5,27,14,197,10,44,1,3,1,0,0,1,0,0,1,0,0
41,15,5,30,16,201,10,43,4,3,2,1,0,0,0,0,0,1,0
33,13,5,19,17,222,12,47,3,4,1,0,0,0,1,0,1,0,0
32,13,5,24,14,218,4,47,3,1,1,0,0,0,1,0,1,0,0
24,8,4,30,8,197,9,42,1,4,3,0,0,1,0,0,0,0,1
33,12,6,28,13,205,9,46,4,1,3,1,0,0,0,0,0,0,1
43,15,7,22,21,219,11,30,2,4,3,0,1,0,0,0,0,0,1
9,3,4,20,5,173,10,40,4,2,4,1,0,0,0,1,0,0,0
25,10,4,15,15,212,10,44,2,2,3,0,1,0,0,0,0,0,1
35,12,5,32,12,180,11,52,3,1,2,0,0,0,1,0,0,1,0
40,14,4,27,18,177,13,41,4,1,1,1,0,0,0,0,1,0,0
31,12,6,18,17,224,16,42,3,1,1,0,0,0,1,0,1,0,0
45,15,6,31,18,239,6,38,2,2,3,0,1,0,0,0,0,0,1
49,17,7,38,16,179,16,42,1,4,1,0,0,1,0,0,1,0,0
28,11,5,18,15,165,15,43,4,2,2,1,0,0,0,0,0,1,0
33,13,4,20,17,166,16,42,2,3,2,0,1,0,0,0,0,1,0
24,8,4,28,9,164,11,41,4,2,4,1,0,0,0,1,0,0,0
38,13,6,33,13,209,11,37,2,2,1,0,1,0,0,0,1,0,0
24,9,5,24,11,174,9,34,1,3,4,0,0,1,0,1,0,0,0
17,7,4,15,12,153,11,34,1,1,1,0,0,1,0,0,1,0,0
57,18,9,35,21,163,8,40,1,2,4,0,0,1,0,1,0,0,0
20,7,4,22,10,221,9,39,1,3,2,0,0,1,0,0,0,1,0
27,9,10,22,11,222,12,45,1,2,1,0,0,1,0,0,1,0,0
26,9,6,26,10,188,10,41,4,3,2,1,0,0,0,0,0,1,0
36,12,7,25,16,194,13,41,2,3,1,0,1,0,0,0,1,0,0
34,12,7,29,12,218,16,51,4,1,1,1,0,0,0,0,1,0,0
23,8,5,27,8,207,6,49,2,4,2,0,1,0,0,0,0,1,0
55,18,7,35,21,207,13,36,4,1,1,1,0,0,0,0,1,0,0
32,12,4,26,13,215,8,55,1,4,4,0,0,1,0,1,0,0,0
11,5,6,18,7,200,15,40,3,4,3,0,0,0,1,0,0,0,1
40,14,6,29,16,168,10,39,1,3,3,0,0,1,0,0,0,0,1
23,8,7,28,7,169,13,55,4,4,2,1,0,0,0,0,0,1,0
22,9,10,15,12,205,16,46,1,3,3,0,0,1,0,0,0,0,1
41,14,8,22,20,230,13,38,1,4,2,0,0,1,0,0,0,1,0
31,12,6,23,14,229,14,46,2,3,4,0,1,0,0,1,0,0,0
20,8,3,22,10,255,8,45,2,2,1,0,1,0,0,0,1,0,0
48,18,6,25,21,203,14,43,2,1,2,0,1,0,0,0,0,1,0
31,11,5,23,15,148,7,37,1,3,3,0,0,1,0,0,0,0,1
34,11,7,32,11,157,13,39,2,2,1,0,1,0,0,0,1,0,0
24,9,6,23,11,200,11,38,4,3,2,1,0,0,0,0,0,1,0
23,6,7,32,6,208,12,29,2,2,3,0,1,0,0,0,0,0,1
12,3,4,33,1,198,10,36,1,3,1,0,0,1,0,0,1,0,0
20,7,3,25,9,197,12,41,3,3,2,0,0,0,1,0,0,1,0
31,11,5,30,11,176,8,45,4,2,2,1,0,0,0,0,0,1,0
22,8,5,28,7,202,12,49,2,1,1,0,1,0,0,0,1,0,0
19,6,7,21,9,256,3,41,1,4,3,0,0,1,0,0,0,0,1
31,11,5,30,11,140,7,47,1,3,2,0,0,1,0,0,0,1,0
27,10,4,20,14,213,11,52,1,3,2,0,0,1,0,0,0,1,0
46,17,7,24,21,243,9,45,2,4,3,0,1,0,0,0,0,0,1
35,12,4,28,15,226,8,40,4,4,3,1,0,0,0,0,0,0,1
41,15,3,30,17,210,9,42,2,4,4,0,1,0,0,1,0,0,0
18,6,6,25,7,212,6,43,4,3,3,1,0,0,0,0,0,0,1
45,17,5,23,21,194,15,47,2,3,3,0,1,0,0,0,0,0,1
37,14,3,25,17,202,17,47,2,3,1,0,1,0,0,0,1,0,0
21,8,5,22,10,155,10,43,1,1,1,0,0,1,0,0,1,0,0
31,12,4,19,16,210,15,51,2,1,3,0,1,0,0,0,0,0,1
32,9,6,37,8,188,10,41,4,1,4,1,0,0,0,1,0,0,0
31,10,7,35,8,181,7,42,2,4,4,0,1,0,0,1,0,0,0
30,11,4,30,12,237,7,41,3,2,1,0,0,0,1,0,1,0,0
41,15,5,31,16,194,6,44,3,2,3,0,0,0,1,0,0,0,1
38,14,4,31,15,230,11,44,3,2,2,0,0,0,1,0,0,1,0
35,14,4,21,17,192,15,57,1,4,1,0,0,1,0,0,1,0,0
20,8,4,17,12,186,15,38,1,1,2,0,0,1,0,0,0,1,0
45,16,6,29,18,247,10,55,3,4,1,0,0,0,1,0,1,0,0
19,7,7,20,9,181,13,50,1,2,4,0,0,1,0,1,0,0,0
39,13,5,29,16,184,13,40,4,3,2,1,0,0,0,0,0,1,0
31,13,5,19,16,184,12,51,4,2,1,1,0,0,0,0,1,0,0
48,16,5,35,17,183,11,44,4,2,1,1,0,0,0,0,1,0,0
39,15,6,22,19,203,11,51,4,4,1,1,0,0,0,0,1,0,0
51,17,8,34,18,209,7,50,4,1,1,1,0,0,0,0,1,0,0
42,16,4,28,18,245,14,47,1,3,2,0,0,1,0,0,0,1,0
46,16,5,32,18,227,11,40,3,1,4,0,0,0,1,1,0,0,0
32,12,5,22,15,161,10,44,1,3,3,0,0,1,0,0,0,0,1
13,4,4,23,6,193,9,35,3,1,4,0,0,0,1,1,0,0,0
29,9,6,32,9,232,11,42,4,1,4,1,0,0,0,1,0,0,0
43,15,3,26,21,244,13,36,3,3,2,0,0,0,1,0,0,1,0
25,8,5,32,7,194,13,45,1,1,1,0,0,1,0,0,1,0,0
34,12,5,32,12,227,11,42,2,1,2,0,1,0,0,0,0,1,0
32,12,4,29,12,190,16,55,3,4,1,0,0,0,1,0,1,0,0
50,16,4,39,17,192,13,42,3,4,3,0,0,0,1,0,0,0,1
24,10,6,14,15,246,9,44,4,1,2,1,0,0,0,0,0,1,0
40,15,6,22,19,195,15,48,2,4,1,0,1,0,0,0,1,0,0
21,10,3,16,13,205,10,53,4,4,2,1,0,0,0,0,0,1,0
11,3,4,31,1,187,13,36,1,1,3,0,0,1,0,0,0,0,1
8,3,4,24,2,166,14,45,4,2,4,1,0,0,0,1,0,0,0
28,9,6,30,9,247,8,42,4,2,2,1,0,0,0,0,0,1,0
13,5,5,22,6,193,11,45,2,3,2,0,1,0,0,0,0,1,0
24,8,6,26,9,209,15,44,2,3,3,0,1,0,0,0,0,0,1
39,13,5,30,15,213,13,47,4,3,4,1,0,0,0,1,0,0,0
35,13,5,26,14,219,11,55,1,1,3,0,0,1,0,0,0,0,1
31,11,8,22,14,193,10,44,3,1,1,0,0,0,1,0,1,0,0
10,2,3,33,0,181,14,41,1,2,3,0,0,1,0,0,0,0,1
35,12,3,23,17,174,9,38,4,1,1,1,0,0,0,0,1,0,0
26,11,4,13,16,191,10,51,1,2,4,0,0,1,0,1,0,0,0
22,8,3,26,10,194,7,39,1,3,1,0,0,1,0,0,1,0,0
34,12,3,26,15,191,14,47,4,4,4,1,0,0,0,1,0,0,0
33,12,6,24,15,153,10,46,2,1,1,0,1,0,0,0,1,0,0
19,8,3,19,11,228,8,46,4,3,2,1,0,0,0,0,0,1,0
17,7,5,22,8,199,12,48,2,4,2,0,1,0,0,0,0,1,0
33,12,6,24,14,203,10,52,2,2,1,0,1,0,0,0,1,0,0
31,13,3,18,17,204,5,54,1,3,3,0,0,1,0,0,0,0,1
36,13,6,22,17,204,10,44,2,2,1,0,1,0,0,0,1,0,0
39,15,4,19,20,134,15,46,1,4,3,0,0,1,0,0,0,0,1
30,10,8,30,9,194,15,53,3,2,4,0,0,0,1,1,0,0,0
45,16,3,30,19,168,12,46,2,2,4,0,1,0,0,1,0,0,0
19,7,5,27,5,199,12,59,1,2,1,0,0,1,0,0,1,0,0
19,7,6,22,9,185,10,41,2,2,3,0,1,0,0,0,0,0,1
34,13,2,27,15,190,14,47,1,1,2,0,0,1,0,0,0,1,0
23,9,6,17,13,241,5,39,2,2,2,0,1,0,0,0,0,1,0
27,9,4,26,12,204,15,31,1,4,3,0,0,1,0,0,0,0,1
5,3,4,21,1,185,4,59,3,3,2,0,0,0,1,0,0,1,0
5,3,7,6,8,241,9,48,3,4,4,0,0,0,1,1,0,0,0
43,14,3,33,17,226,13,35,1,4,1,0,0,1,0,0,1,0,0
41,15,7,26,17,221,8,51,3,3,4,0,0,0,1,1,0,0,0
33,13,4,16,19,197,11,44,2,1,3,0,1,0,0,0,0,0,1
32,13,4,19,17,178,18,47,4,1,3,1,0,0,0,0,0,0,1
27,9,5,25,12,149,13,40,1,4,1,0,0,1,0,0,1,0,0
33,12,3,25,16,192,9,37,2,4,4,0,1,0,0,1,0,0,0
37,12,6,32,13,198,8,45,3,3,1,0,0,0,1,0,1,0,0
35,13,7,26,14,191,11,48,1,4,4,0,0,1,0,1,0,0,0
27,11,4,18,15,216,14,49,1,4,1,0,0,1,0,0,1,0,0
50,18,5,31,20,187,10,42,1,4,4,0,0,1,0,1,0,0,0
25,9,4,25,12,137,12,33,2,1,2,0,1,0,0,0,0,1,0
31,11,4,25,14,156,11,52,2,1,1,0,1,0,0,0,1,0,0
32,11,5,25,14,231,9,39,3,4,2,0,0,0,1,0,0,1,0
15,5,6,27,4,217,13,42,1,2,3,0,0,1,0,0,0,0,1
40,15,6,26,17,175,9,52,2,4,4,0,1,0,0,1,0,0,0
31,11,6,23,14,232,13,40,4,4,4,1,0,0,0,1,0,0,0
24,8,2,30,9,220,4,42,2,2,4,0,1,0,0,1,0,0,0
28,11,6,21,13,157,8,50,3,1,4,0,0,0,1,1,0,0,0
23,9,4,24,10,217,15,45,2,2,1,0,1,0,0,0,1,0,0
47,18,7,22,22,189,15,46,3,1,2,0,0,0,1,0,0,1,0
39,14,6,25,17,174,11,44,4,2,3,1,0,0,0,0,0,0,1
34,12,4,30,13,231,8,45,3,3,2,0,0,0,1,0,0,1,0
46,15,5,33,17,254,11,46,2,2,3,0,1,0,0,0,0,0,1
14,5,6,23,5,211,10,49,4,2,1,1,0,0,0,0,1,0,0
5,4,5,12,6,259,12,50,1,2,1,0,0,1,0,0,1,0,0
33,12,5,19,17,215,11,42,2,1,3,0,1,0,0,0,0,0,1
44,16,7,33,16,141,9,47,1,1,1,0,0,1,0,0,1,0,0
31,11,6,26,12,212,10,52,4,3,3,1,0,0,0,0,0,0,1
59,19,3,42,21,173,9,45,3,1,1,0,0,0,1,0,1,0,0
27,8,4,31,10,210,13,34,3,3,3,0,0,0,1,0,0,0,1
35,13,6,19,18,215,13,47,2,3,3,0,1,0,0,0,0,0,1
40,14,5,30,16,224,11,39,4,4,3,1,0,0,0,0,0,0,1
51,17,5,38,17,160,14,48,3,2,3,0,0,0,1,0,0,0,1
19,7,6,22,8,186,8,47,1,3,4,0,0,1,0,1,0,0,0
39,13,4,35,14,194,16,43,3,3,1,0,0,0,1,0,1,0,0
28,11,5,18,15,172,9,41,3,2,4,0,0,0,1,1,0,0,0
26,10,4,28,10,181,6,47,3,4,3,0,0,0,1,0,0,0,1
42,14,0,40,14,205,10,48,3,4,3,0,0,0,1,0,0,0,1
33,12,6,22,15,176,9,51,4,1,3,1,0,0,0,0,0,0,1
16,8,8,13,10,170,12,50,4,3,2,1,0,0,0,0,0,1,0
26,11,6,15,15,216,11,48,3,4,2,0,0,0,1,0,0,1,0
37,13,5,27,15,194,11,52,2,3,1,0,1,0,0,0,1,0,0
30,12,6,18,16,137,4,45,1,2,1,0,0,1,0,0,1,0,0
22,8,6,20,11,212,12,46,2,3,3,0,1,0,0,0,0,0,1
27,10,7,21,13,209,17,44,1,4,2,0,0,1,0,0,0,1,0
33,12,3,24,16,215,7,47,1,1,1,0,0,1,0,0,1,0,0
22,8,4,25,9,220,6,43,1,2,2,0,0,1,0,0,0,1,0
21,6,5,38,3,215,8,31,4,1,2,1,0,0,0,0,0,1,0
24,9,2,23,12,158,14,47,1,2,1,0,0,1,0,0,1,0,0
5,3,6,16,4,175,15,45,2,3,3,0,1,0,0,0,0,0,1
30,11,4,18,17,205,10,39,4,4,1,1,0,0,0,0,1,0,0
41,15,6,29,16,199,12,50,3,1,2,0,0,0,1,0,0,1,0
19,10,3,11,14,220,8,58,4,2,1,1,0,0,0,0,1,0,0
41,15,4,24,20,207,14,42,3,3,3,0,0,0,1,0,0,0,1
25,9,5,23,10,175,14,51,2,1,3,0,1,0,0,0,0,0,1
36,13,5,27,15,214,10,49,4,2,1,1,0,0,0,0,1,0,0
18,8,3,17,11,176,11,48,1,1,2,0,0,1,0,0,0,1,0
27,9,5,24,12,189,9,45,3,3,4,0,0,0,1,1,0,0,0
39,13,10,23,17,229,10,35,4,3,3,1,0,0,0,0,0,0,1
20,8,4,19,11,213,11,49,1,1,1,0,0,1,0,0,1,0,0
40,13,3,32,15,156,8,50,1,2,3,0,0,1,0,0,0,0,1
29,12,4,17,16,161,15,51,1,2,1,0,0,1,0,0,1,0,0
48,17,4,27,22,193,13,42,3,4,4,0,0,0,1,1,0,0,0
27,9,2,27,12,153,12,38,1,3,4,0,0,1,0,1,0,0,0
37,14,6,20,18,226,13,52,1,1,1,0,0,1,0,0,1,0,0
29,12,7,23,12,151,14,59,2,1,4,0,1,0,0,1,0,0,0
32,12,6,25,13,213,13,53,3,4,2,0,0,0,1,0,0,1,0
14,6,5,16,10,222,12,35,3,2,1,0,0,0,1,0,1,0,0
10,3,6,23,3,230,14,36,1,3,4,0,0,1,0,1,0,0,0
19,7,4,22,9,167,11,45,2,1,1,0,1,0,0,0,1,0,0
15,6,2,25,6,183,11,46,4,2,1,1,0,0,0,0,1,0,0
15,6,5,25,6,188,11,44,4,3,4,1,0,0,0,1,0,0,0
13,5,7,19,6,178,12,40,2,1,3,0,1,0,0,0,0,0,1
36,11,4,39,10,212,14,42,2,4,4,0,1,0,0,1,0,0,0
25,9,4,24,12,193,11,40,3,3,4,0,0,0,1,1,0,0,0
43,16,4,22,22,225,13,40,3,3,3,0,0,0,1,0,0,0,1
34,12,6,27,14,165,19,44,1,3,3,0,0,1,0,0,0,0,1
28,9,4,36,7,192,6,37,2,3,3,0,1,0,0,0,0,0,1
42,14,7,30,16,203,14,42,2,1,4,0,1,0,0,1,0,0,0
10,5,4,17,7,151,16,50,3,1,1,0,0,0,1,0,1,0,0
16,7,3,22,8,192,14,49,4,3,3,1,0,0,0,0,0,0,1
44,16,6,24,20,199,14,42,4,4,2,1,0,0,0,0,0,1,0
27,12,6,17,14,213,10,58,2,2,2,0,1,0,0,0,0,1,0
35,13,6,28,14,188,16,41,4,4,2,1,0,0,0,0,0,1,0
31,11,2,25,15,251,10,38,2,4,1,0,1,0,0,0,1,0,0
20,7,3,23,10,223,13,35,3,3,3,0,0,0,1,0,0,0,1
56,18,10,37,19,182,13,40,3,4,4,0,0,0,1,1,0,0,0
35,11,3,32,13,198,13,43,4,4,1,1,0,0,0,0,1,0,0
46,16,7,32,17,166,13,50,4,4,2,1,0,0,0,0,0,1,0
26,10,6,22,12,194,7,47,3,2,1,0,0,0,1,0,1,0,0
31,11,4,26,13,214,16,43,4,4,2,1,0,0,0,0,0,1,0
40,16,9,16,21,190,12,48,1,4,3,0,0,1,0,0,0,0,1
23,9,9,19,10,235,10,52,2,1,2,0,1,0,0,0,0,1,0
17,8,8,9,13,255,10,41,1,2,4,0,0,1,0,1,0,0,0
25,11,3,13,17,201,9,44,2,3,4,0,1,0,0,1,0,0,0
28,10,5,23,13,216,11,49,3,1,4,0,0,0,1,1,0,0,0
29,11,4,26,11,185,10,56,3,2,3,0,0,0,1,0,0,0,1
16,5,3,27,5,199,12,41,2,3,2,0,1,0,0,0,0,1,0
21,8,7,21,9,217,8,46,3,1,1,0,0,0,1,0,1,0,0
29,11,7,19,15,159,13,45,4,3,1,1,0,0,0,0,1,0,0
38,12,8,28,15,180,14,36,4,4,3,1,0,0,0,0,0,0,1
29,11,5,21,15,164,15,38,3,4,2,0,0,0,1,0,0,1,0
22,7,7,24,9,190,8,39,4,1,1,1,0,0,0,0,1,0,0
38,14,6,23,18,189,12,41,1,3,2,0,0,1,0,0,0,1,0
22,9,7,19,11,198,5,48,1,4,3,0,0,1,0,0,0,0,1
31,10,5,28,12,182,10,39,3,4,2,0,0,0,1,0,0,1,0
17,7,6,18,9,227,7,45,4,3,3,1,0,0,0,0,0,0,1
34,13,3,25,15,184,12,47,1,2,1,0,0,1,0,0,1,0,0
17,5,4,29,5,180,10,40,4,2,4,1,0,0,0,1,0,0,0
27,11,6,22,12,163,7,55,3,2,3,0,0,0,1,0,0,0,1
23,8,4,27,9,225,8,47,4,4,3,1,0,0,0,0,0,0,1
9,5,7,11,8,200,12,49,3,3,3,0,0,0,1,0,0,0,1
28,11,6,21,13,191,16,48,1,1,2,0,0,1,0,0,0,1,0
30,12,6,23,13,225,11,56,4,1,3,1,0,0,0,0,0,0,1
19,6,7,26,6,159,10,43,2,1,1,0,1,0,0,0,1,0,0
23,9,6,18,12,204,14,43,3,1,2,0,0,0,1,0,0,1,0
47,16,5,32,18,195,12,51,3,4,1,0,0,0,1,0,1,0,0
30,12,5,21,14,184,15,54,1,2,1,0,0,1,0,0,1,0,0
20,6,2,32,6,214,12,40,2,2,2,0,1,0,0,0,0,1,0
37,12,5,29,15,179,8,40,3,1,1,0,0,0,1,0,1,0,0
25,8,2,28,10,215,10,40,3,1,3,0,0,0,1,0,0,0,1
32,11,5,30,12,185,11,47,3,1,2,0,0,0,1,0,0,1,0
24,9,4,20,12,174,8,46,4,4,3,1,0,0,0,0,0,0,1
32,12,6,23,14,169,10,53,3,2,3,0,0,0,1,0,0,0,1
13,6,8,9,11,171,10,38,1,2,3,0,0,1,0,0,0,0,1
25,11,7,11,16,165,9,39,2,2,2,0,1,0,0,0,0,1,0
24,9,5,22,11,170,13,46,3,1,3,0,0,0,1,0,0,0,1
36,14,3,18,21,230,15,37,1,3,4,0,0,1,0,1,0,0,0
44,16,4,28,19,194,12,50,3,2,2,0,0,0,1,0,0,1,0
43,15,5,29,18,231,10,36,3,3,2,0,0,0,1,0,0,1,0
27,11,6,18,15,188,11,40,4,4,1,1,0,0,0,0,1,0,0
27,10,3,23,13,204,16,43,2,3,2,0,1,0,0,0,0,1,0
49,16,7,38,15,151,14,47,3,2,4,0,0,0,1,1,0,0,0
27,9,8,29,9,199,14,47,1,4,1,0,0,1,0,0,1,0,0
37,12,7,32,13,194,16,44,4,3,3,1,0,0,0,0,0,0,1
16,6,3,27,5,176,7,48,1,1,1,0,0,1,0,0,1,0,0
25,11,6,19,12,150,13,55,4,1,1,1,0,0,0,0,1,0,0
51,19,5,21,25,192,12,56,3,2,1,0,0,0,1,0,1,0,0
26,10,5,28,8,231,15,57,1,1,4,0,0,1,0,1,0,0,0
7,4,5,14,6,183,6,50,3,3,1,0,0,0,1,0,1,0,0
13,7,2,7,15,199,9,39,2,4,1,0,1,0,0,0,1,0,0
38,14,5,28,16,142,12,41,4,3,4,1,0,0,0,1,0,0,0
38,14,5,24,17,193,3,49,3,2,2,0,0,0,1,0,0,1,0
35,12,7,30,12,156,11,39,3,2,4,0,0,0,1,1,0,0,0
30,10,2,33,10,174,13,41,2,3,4,0,1,0,0,1,0,0,0
29,11,3,23,15,217,16,40,2,3,1,0,1,0,0,0,1,0,0
27,10,6,25,11,207,13,40,1,1,2,0,0,1,0,0,0,1,0
44,15,3,29,19,193,11,40,4,4,1,1,0,0,0,0,1,0,0
28,10,10,25,10,190,16,54,2,2,4,0,1,0,0,1,0,0,0
21,8,5,23,9,209,9,48,4,3,1,1,0,0,0,0,1,0,0
40,14,5,34,13,158,6,47,3,2,3,0,0,0,1,0,0,0,1
50,18,3,33,19,219,9,51,3,2,4,0,0,0,1,1,0,0,0
29,12,4,16,18,151,9,30,1,3,4,0,0,1,0,1,0,0,0
20,7,7,27,7,200,15,42,2,2,1,0,1,0,0,0,1,0,0
32,12,5,25,14,179,10,47,1,3,2,0,0,1,0,0,0,1,0
14,6,5,17,8,265,9,47,4,1,2,1,0,0,0,0,0,1,0
40,15,4,30,16,225,12,48,2,1,4,0,1,0,0,1,0,0,0
22,9,4,23,9,185,8,55,1,4,2,0,0,1,0,0,0,1,0
31,12,5,22,14,193,16,54,4,1,4,1,0,0,0,1,0,0,0
25,10,5,15,15,251,10,46,3,2,4,0,0,0,1,1,0,0,0
26,9,5,29,9,202,10,49,4,1,3,1,0,0,0,0,0,0,1
45,16,5,28,19,222,8,53,4,4,2,1,0,0,0,0,0,1,0
41,15,3,29,17,201,13,53,2,3,1,0,1,0,0,0,1,0,0
33,12,4,30,12,188,17,45,3,3,4,0,0,0,1,1,0,0,0
31,9,2,37,8,169,11,45,3,2,4,0,0,0,1,1,0,0,0
42,15,3,34,16,228,12,42,3,4,2,0,0,0,1,0,0,1,0
11,6,3,13,9,220,10,48,1,2,3,0,0,1,0,0,0,0,1
24,9,5,23,10,178,9,45,1,2,3,0,0,1,0,0,0,0,1
18,7,5,23,7,173,7,47,4,4,4,1,0,0,0,1,0,0,0
29,10,9,23,12,264,15,40,3,2,2,0,0,0,1,0,0,1,0
18,6,5,27,7,227,9,40,3,4,2,0,0,0,1,0,0,1,0
36,13,4,21,19,211,18,36,1,4,3,0,0,1,0,0,0,0,1
25,9,7,23,11,204,14,38,4,2,1,1,0,0,0,0,1,0,0
36,13,7,23,17,191,14,39,4,1,3,1,0,0,0,0,0,0,1
22,8,2,24,10,128,13,50,4,1,1,1,0,0,0,0,1,0,0
30,11,3,31,11,164,11,45,2,4,1,0,1,0,0,0,1,0,0
31,11,4,21,16,197,14,46,4,2,2,1,0,0,0,0,0,1,0
37,12,5,35,11,208,11,52,3,2,1,0,0,0,1,0,1,0,0
30,11,3,21,15,182,8,47,4,3,3,1,0,0,0,0,0,0,1
26,9,1,30,10,214,13,50,2,4,2,0,1,0,0,0,0,1,0
21,7,1,29,8,211,6,40,1,1,1,0,0,1,0,0,1,0,0
34,11,4,31,13,216,6,36,1,4,4,0,0,1,0,1,0,0,0
39,13,7,31,15,182,8,35,4,2,1,1,0,0,0,0,1,0,0
38,12,4,30,16,160,16,32,2,3,1,0,1,0,0,0,1,0,0
26,10,3,20,14,257,20,47,4,4,2,1,0,0,0,0,0,1,0
33,13,5,19,17,206,9,45,3,1,3,0,0,0,1,0,0,0,1
21,7,4,25,9,199,13,44,4,3,4,1,0,0,0,1,0,0,0
41,16,4,19,21,194,12,59,4,1,1,1,0,0,0,0,1,0,0
38,12,5,32,13,180,12,46,3,1,3,0,0,0,1,0,0,0,1
45,18,5,23,21,205,7,58,1,4,3,0,0,1,0,0,0,0,1
22,7,4,21,11,266,13,41,4,4,3,1,0,0,0,0,0,0,1
42,15,4,33,15,175,14,49,3,1,4,0,0,0,1,1,0,0,0
25,9,6,20,13,238,11,41,2,4,4,0,1,0,0,1,0,0,0
45,15,6,33,16,170,13,48,3,2,2,0,0,0,1,0,0,1,0
30,11,5,24,14,202,15,44,2,3,2,0,1,0,0,0,0,1,0
34,10,5,31,12,181,13,40,2,3,3,0,1,0,0,0,0,0,1
30,11,4,25,13,208,6,51,3,3,2,0,0,0,1,0,0,1,0
55,20,5,31,23,227,14,41,3,2,2,0,0,0,1,0,0,1,0
36,13,6,25,15,165,12,47,1,1,1,0,0,1,0,0,1,0,0
33,13,5,16,19,176,8,48,1,2,1,0,0,1,0,0,1,0,0
27,10,7,20,13,245,9,39,1,1,2,0,0,1,0,0,0,1,0
45,16,5,28,20,191,14,42,1,1,1,0,0,1,0,0,1,0,0
22,9,5,20,11,227,11,42,2,3,1,0,1,0,0,0,1,0,0
21,9,6,16,12,185,13,47,2,1,2,0,1,0,0,0,0,1,0
21,8,5,20,10,173,8,56,4,4,3,1,0,0,0,0,0,0,1
34,11,5,32,12,221,14,41,1,1,2,0,0,1,0,0,0,1,0
14,4,8,29,2,164,7,41,2,3,3,0,1,0,0,0,0,0,1
22,10,4,16,13,137,11,47,2,3,1,0,1,0,0,0,1,0,0
50,16,6,34,19,185,16,38,4,2,4,1,0,0,0,1,0,0,0
42,14,2,28,18,150,12,46,3,3,2,0,0,0,1,0,0,1,0
29,11,1,27,13,188,10,47,3,1,3,0,0,0,1,0,0,0,1
46,18,3,22,23,196,10,50,2,1,3,0,1,0,0,0,0,0,1
36,14,3,19,19,162,11,45,4,1,4,1,0,0,0,1,0,0,0
31,13,6,12,19,237,11,40,3,1,4,0,0,0,1,1,0,0,0
27,10,6,24,11,213,6,54,3,3,1,0,0,0,1,0,1,0,0
46,16,9,29,18,204,17,49,4,1,4,1,0,0,0,1,0,0,0
24,12,1,5,20,205,11,51,3,3,3,0,0,0,1,0,0,0,1
31,11,7,21,14,165,14,45,2,3,3,0,1,0,0,0,0,0,1
48,17,7,31,19,190,7,41,3,1,4,0,0,0,1,1,0,0,0
28,10,5,22,13,222,6,46,3,1,3,0,0,0,1,0,0,0,1
20,7,4,22,11,185,11,32,4,2,1,1,0,0,0,0,1,0,0
34,11,4,32,12,177,9,35,2,4,2,0,1,0,0,0,0,1,0
24,9,4,28,10,240,13,39,2,3,1,0,1,0,0,0,1,0,0
21,8,1,20,13,240,10,33,4,2,4,1,0,0,0,1,0,0,0
29,12,6,14,17,250,5,47,3,1,4,0,0,0,1,1,0,0,0
31,11,3,32,10,173,8,56,4,1,4,1,0,0,0,1,0,0,0
24,10,6,18,13,178,15,47,2,3,1,0,1,0,0,0,1,0,0
24,9,4,20,12,224,10,46,1,1,3,0,0,1,0,0,0,0,1
33,11,6,25,15,154,17,37,3,1,3,0,0,0,1,0,0,0,1
35,12,8,31,12,226,6,41,4,3,2,1,0,0,0,0,0,1,0
23,10,4,21,11,197,15,45,2,2,1,0,1,0,0,0,1,0,0
35,13,4,23,16,194,14,51,3,2,4,0,0,0,1,1,0,0,0
25,10,5,15,15,194,15,40,4,3,3,1,0,0,0,0,0,0,1
53,18,5,31,22,193,14,39,4,1,1,1,0,0,0,0,1,0,0
33,11,3,33,10,233,9,54,2,4,3,0,1,0,0,0,0,0,1
13,6,5,20,6,191,13,51,1,4,2,0,0,1,0,0,0,1,0
44,15,6,34,16,197,11,39,3,1,3,0,0,0,1,0,0,0,1
37,14,2,25,17,168,13,44,3,1,2,0,0,0,1,0,0,1,0
35,11,7,28,13,243,13,42,2,3,1,0,1,0,0,0,1,0,0
35,12,5,28,14,173,9,44,1,1,4,0,0,1,0,1,0,0,0
12,5,2,16,10,189,16,39,4,1,2,1,0,0,0,0,0,1,0
42,15,3,32,16,136,10,46,1,4,3,0,0,1,0,0,0,0,1
41,15,6,25,19,267,11,33,3,1,2,0,0,0,1,0,0,1,0
27,10,4,25,12,165,10,39,4,3,1,1,0,0,0,0,1,0,0
21,8,3,25,9,232,6,46,3,2,4,0,0,0,1,1,0,0,0
34,12,3,25,16,210,13,40,4,1,4,1,0,0,0,1,0,0,0
44,15,5,31,18,184,13,34,1,2,2,0,0,1,0,0,0,1,0
35,14,3,19,19,124,16,43,2,4,2,0,1,0,0,0,0,1,0
47,15,6,37,16,214,13,41,1,3,1,0,0,1,0,0,1,0,0
34,11,4,31,12,208,10,42,3,1,4,0,0,0,1,1,0,0,0
18,6,6,28,5,195,11,40,1,3,4,0,0,1,0,1,0,0,0
24,10,3,22,12,223,8,46,2,2,1,0,1,0,0,0,1,0,0
32,13,3,23,15,182,12,54,1,4,2,0,0,1,0,0,0,1,0
26,11,3,18,15,225,14,46,3,1,3,0,0,0,1,0,0,0,1
34,13,6,17,18,185,7,50,4,1,2,1,0,0,0,0,0,1,0
34,11,7,29,13,188,9,40,4,3,2,1,0,0,0,0,0,1,0
40,15,5,25,19,192,9,45,3,4,2,0,0,0,1,0,0,1,0
33,11,4,32,12,173,10,36,3,4,1,0,0,0,1,0,1,0,0
40,14,3,36,14,235,8,42,3,2,3,0,0,0,1,0,0,0,1
43,15,5,26,20,185,18,34,2,3,2,0,1,0,0,0,0,1,0
41,15,5,28,18,191,14,41,2,3,1,0,1,0,0,0,1,0,0
45,17,3,24,21,180,12,54,3,3,2,0,0,0,1,0,0,1,0
28,11,3,17,17,199,14,43,1,3,3,0,0,1,0,0,0,0,1
52,17,6,38,17,191,12,48,1,1,4,0,0,1,0,1,0,0,0
37,14,6,17,20,206,14,37,4,3,2,1,0,0,0,0,0,1,0
25,9,5,25,11,167,6,44,3,4,1,0,0,0,1,0,1,0,0
32,12,6,25,13,205,11,45,3,2,2,0,0,0,1,0,0,1,0
28,11,3,22,15,189,12,41,2,4,1,0,1,0,0,0,1,0,0
53,18,4,34,21,169,12,50,2,4,4,0,1,0,0,1,0,0,0
34,13,4,19,17,183,8,56,3,2,3,0,0,0,1,0,0,0,1
15,6,5,17,9,207,11,37,4,2,1,1,0,0,0,0,1,0,0
28,12,6,16,16,196,12,48,3,2,2,0,0,0,1,0,0,1,0
29,11,6,21,14,149,10,52,3,4,1,0,0,0,1,0,1,0,0
24,8,5,29,8,218,15,40,1,3,4,0,0,1,0,1,0,0,0
31,11,7,29,10,176,9,53,1,4,2,0,0,1,0,0,0,1,0
18,8,8,16,9,179,17,49,3,3,4,0,0,0,1,1,0,0,0
39,12,3,35,13,190,15,43,1,1,3,0,0,1,0,0,0,0,1
23,8,3,26,9,137,9,52,2,4,3,0,1,0,0,0,0,0,1
37,13,4,25,17,186,6,43,4,3,4,1,0,0,0,1,0,0,0
51,17,8,36,18,210,9,35,2,4,2,0,1,0,0,0,0,1,0
26,9,4,29,10,216,13,46,2,3,2,0,1,0,0,0,0,1,0
37,12,5,28,16,223,11,32,1,3,4,0,0,1,0,1,0,0,0
20,9,4,16,13,191,15,33,1,2,1,0,0,1,0,0,1,0,0
30,11,2,28,13,120,10,44,2,3,4,0,1,0,0,1,0,0,0
45,15,5,30,19,154,13,40,4,3,1,1,0,0,0,0,1,0,0
31,11,5,23,15,225,9,34,1,2,3,0,0,1,0,0,0,0,1
38,14,2,32,15,193,13,42,4,3,2,1,0,0,0,0,0,1,0
36,12,6,30,14,232,12,33,1,2,4,0,0,1,0,1,0,0,0
34,12,5,30,13,176,11,42,1,2,4,0,0,1,0,1,0,0,0
32,12,6,24,14,175,19,49,2,1,2,0,1,0,0,0,0,1,0
38,14,6,25,17,194,19,40,1,3,2,0,0,1,0,0,0,1,0
35,14,6,24,14,219,10,63,3,1,4,0,0,0,1,1,0,0,0
32,11,4,30,11,206,12,53,1,1,2,0,0,1,0,0,0,1,0
28,10,5,29,10,184,10,44,2,3,1,0,1,0,0,0,1,0,0
20,8,5,25,8,226,11,50,4,3,2,1,0,0,0,0,0,1,0
23,9,7,16,13,202,8,40,1,2,3,0,0,1,0,0,0,0,1
22,8,6,23,10,195,8,43,1,1,2,0,0,1,0,0,0,1,0
37,12,4,33,13,180,11,39,4,2,4,1,0,0,0,1,0,0,0
42,15,5,30,17,165,14,42,1,2,3,0,0,1,0,0,0,0,1
27,9,7,29,9,185,5,50,4,2,1,1,0,0,0,0,1,0,0
37,12,3,32,14,202,5,40,2,4,4,0,1,0,0,1,0,0,0
44,15,4,32,18,204,12,39,2,2,1,0,1,0,0,0,1,0,0
39,13,7,35,12,149,7,44,3,3,4,0,0,0,1,1,0,0,0
13,6,5,7,14,228,7,28,4,1,4,1,0,0,0,1,0,0,0
40,14,3,28,17,206,15,51,1,1,3,0,0,1,0,0,0,0,1
38,14,4,26,16,178,10,52,1,1,3,0,0,1,0,0,0,0,1
38,13,7,27,16,175,10,36,4,2,4,1,0,0,0,1,0,0,0
23,7,4,30,7,195,13,50,4,1,2,1,0,0,0,0,0,1,0
32,12,4,18,18,219,8,38,4,1,2,1,0,0,0,0,0,1,0
46,17,4,26,20,193,12,57,4,2,2,1,0,0,0,0,0,1,0
50,19,4,28,22,165,9,54,4,3,2,1,0,0,0,0,0,1,0
24,9,3,24,11,178,14,42,4,1,2,1,0,0,0,0,0,1,0
36,14,6,19,19,190,15,46,4,3,4,1,0,0,0,1,0,0,0
29,13,4,19,16,213,13,56,3,4,1,0,0,0,1,0,1,0,0
34,12,6,21,17,197,16,36,2,2,3,0,1,0,0,0,0,0,1
34,13,2,20,19,220,15,41,1,4,4,0,0,1,0,1,0,0,0
9,4,5,18,5,232,15,46,4,2,4,1,0,0,0,1,0,0,0
29,11,7,24,12,203,15,46,1,3,4,0,0,1,0,1,0,0,0
24,10,2,19,13,185,12,48,3,4,4,0,0,0,1,1,0,0,0
42,15,4,27,19,204,17,34,4,1,3,1,0,0,0,0,0,0,1
28,10,6,28,10,173,16,46,3,1,4,0,0,0,1,1,0,0,0
45,15,5,34,16,220,11,46,2,1,3,0,1,0,0,0,0,0,1
21,8,6,22,10,210,13,39,2,2,3,0,1,0,0,0,0,0,1
31,12,7,22,14,185,12,56,3,1,1,0,0,0,1,0,1,0,0
36,11,5,40,10,254,7,40,2,4,1,0,1,0,0,0,1,0,0
23,10,5,18,13,201,11,43,1,2,4,0,0,1,0,1,0,0,0
34,13,4,22,16,242,14,51,4,4,2,1,0,0,0,0,0,1,0
38,14,6,26,16,158,12,46,4,2,4,1,0,0,0,1,0,0,0
21,8,3,22,10,213,11,42,4,1,1,1,0,0,0,0,1,0,0
30,12,5,21,15,233,7,45,3,2,1,0,0,0,1,0,1,0,0
45,15,7,19,24,208,15,24,2,1,3,0,1,0,0,0,0,0,1
47,17,5,32,19,182,12,47,4,2,1,1,0,0,0,0,1,0,0
46,14,8,36,15,209,12,37,1,4,4,0,0,1,0,1,0,0,0
27,10,6,24,13,163,13,33,1,4,4,0,0,1,0,1,0,0,0
27,10,5,23,12,208,11,46,2,2,4,0,1,0,0,1,0,0,0
16,7,7,20,7,193,6,52,3,2,2,0,0,0,1,0,0,1,0
22,8,3,23,11,216,6,41,3,4,4,0,0,0,1,1,0,0,0
41,13,6,35,14,203,8,40,4,2,2,1,0,0,0,0,0,1,0
21,8,5,24,9,207,11,46,3,4,3,0,0,0,1,0,0,0,1
29,9,3,35,8,176,13,46,2,3,3,0,1,0,0,0,0,0,1
42,14,7,28,17,209,12,39,1,4,4,0,0,1,0,1,0,0,0
38,15,6,19,19,258,6,42,4,2,2,1,0,0,0,0,0,1,0
25,9,5,27,9,144,7,46,4,4,2,1,0,0,0,0,0,1,0
24,9,5,27,9,235,12,45,2,1,2,0,1,0,0,0,0,1,0
34,12,5,25,15,194,8,41,3,1,1,0,0,0,1,0,1,0,0
45,16,8,33,16,210,9,45,4,1,3,1,0,0,0,0,0,0,1
33,12,6,27,13,193,5,49,4,4,4,1,0,0,0,1,0,0,0
27,9,3,27,11,201,12,45,2,4,1,0,1,0,0,0,1,0,0
12,6,5,14,9,157,10,45,1,3,4,0,0,1,0,1,0,0,0
24,9,5,25,10,171,11,44,2,3,3,0,1,0,0,0,0,0,1
36,11,4,38,10,210,14,42,2,1,1,0,1,0,0,0,1,0,0
34,12,6,31,12,194,8,40,1,2,3,0,0,1,0,0,0,0,1
31,12,3,17,18,208,9,38,4,2,2,1,0,0,0,0,0,1,0
23,9,5,20,11,149,13,45,1,4,4,0,0,1,0,1,0,0,0
27,11,4,20,14,198,9,42,3,2,4,0,0,0,1,1,0,0,0
38,11,7,34,13,190,17,31,3,3,3,0,0,0,1,0,0,0,1
29,11,7,22,13,229,13,58,4,3,1,1,0,0,0,0,1,0,0
7,3,6,19,4,229,18,41,2,4,3,0,1,0,0,0,0,0,1
45,16,7,30,17,185,10,56,1,1,2,0,0,1,0,0,0,1,0
29,10,6,31,9,194,8,50,4,1,4,1,0,0,0,1,0,0,0
24,11,6,13,15,204,7,50,4,4,1,1,0,0,0,0,1,0,0
30,12,4,30,11,178,11,51,3,4,4,0,0,0,1,1,0,0,0
27,11,7,16,15,179,6,43,4,1,2,1,0,0,0,0,0,1,0
10,4,4,19,6,191,13,40,2,4,2,0,1,0,0,0,0,1,0
25,8,5,25,11,188,11,33,1,4,1,0,0,1,0,0,1,0,0
11,4,5,22,4,170,13,46,1,4,3,0,0,1,0,0,0,0,1
42,16,3,21,21,197,11,44,2,4,3,0,1,0,0,0,0,0,1
32,11,6,30,11,168,13,50,4,4,1,1,0,0,0,0,1,0,0
40,14,7,26,17,216,12,43,4,3,4,1,0,0,0,1,0,0,0
17,7,3,28,5,220,1,54,4,2,4,1,0,0,0,1,0,0,0
27,10,4,22,13,204,7,45,1,4,4,0,0,1,0,1,0,0,0
18,7,4,16,11,215,10,43,1,4,4,0,0,1,0,1,0,0,0
40,14,6,32,14,191,5,42,1,3,4,0,0,1,0,1,0,0,0
12,5,7,24,3,300,9,50,1,1,1,0,0,1,0,0,1,0,0
30,11,5,33,10,187,14,49,2,3,1,0,1,0,0,0,1,0,0
19,8,6,17,11,215,9,45,4,1,1,1,0,0,0,0,1,0,0
45,16,6,29,18,210,11,49,4,3,3,1,0,0,0,0,0,0,1
54,20,7,24,25,166,14,49,1,3,3,0,0,1,0,0,0,0,1
41,15,6,27,17,195,8,54,3,2,1,0,0,0,1,0,1,0,0
48,16,3,37,18,195,15,46,1,4,2,0,0,1,0,0,0,1,0
50,18,3,36,18,137,11,58,1,1,1,0,0,1,0,0,1,0,0
36,13,4,24,17,216,9,45,2,1,1,0,1,0,0,0,1,0,0
53,19,5,32,21,167,7,50,1,4,2,0,0,1,0,0,0,1,0
34,13,5,25,14,159,9,55,4,2,1,1,0,0,0,0,1,0,0
36,12,3,30,15,208,13,39,4,4,4,1,0,0,0,1,0,0,0
27,9,5,27,11,151,7,48,2,2,3,0,1,0,0,0,0,0,1
14,5,4,22,6,178,8,37,3,2,2,0,0,0,1,0,0,1,0
40,14,6,34,13,149,8,46,2,3,4,0,1,0,0,1,0,0,0
15,6,7,21,7,231,13,42,4,2,4,1,0,0,0,1,0,0,0
28,10,3,29,11,216,14,42,4,1,1,1,0,0,0,0,1,0,0
38,13,3,33,14,226,13,49,2,2,2,0,1,0,0,0,0,1,0
38,14,6,25,16,184,12,53,1,1,1,0,0,1,0,0,1,0,0
30,10,8,27,11,241,10,43,2,4,4,0,1,0,0,1,0,0,0
35,11,5,35,11,213,8,39,2,4,3,0,1,0,0,0,0,0,1
31,12,5,21,15,207,7,46,2,1,1,0,1,0,0,0,1,0,0
22,8,6,23,10,130,15,42,2,3,1,0,1,0,0,0,1,0,0
39,14,9,31,13,237,7,49,4,4,4,1,0,0,0,1,0,0,0
32,10,5,28,13,195,14,43,2,2,3,0,1,0,0,0,0,0,1
32,11,6,24,14,224,9,43,3,2,1,0,0,0,1,0,1,0,0
37,12,5,32,13,239,13,51,3,3,3,0,0,0,1,0,0,0,1
29,11,7,23,12,170,7,48,4,3,3,1,0,0,0,0,0,0,1
42,14,8,30,16,148,6,46,1,2,3,0,0,1,0,0,0,0,1
39,12,9,36,11,176,13,48,2,4,3,0,1,0,0,0,0,0,1
50,17,6,29,21,160,15,46,1,2,3,0,0,1,0,0,0,0,1
36,13,3,26,16,201,9,48,3,3,2,0,0,0,1,0,0,1,0
41,14,3,28,18,222,11,33,4,1,1,1,0,0,0,0,1,0,0
30,12,6,23,13,215,11,52,3,4,1,0,0,0,1,0,1,0,0
40,13,6,36,12,192,13,45,3,1,4,0,0,0,1,1,0,0,0
24,8,4,28,8,211,8,48,1,4,3,0,0,1,0,0,0,0,1
14,5,5,30,3,246,9,44,2,3,1,0,1,0,0,0,1,0,0
19,9,5,13,13,200,12,46,4,2,1,1,0,0,0,0,1,0,0
23,9,5,16,14,219,10,41,4,1,3,1,0,0,0,0,0,0,1
50,18,6,28,21,189,12,52,3,4,4,0,0,0,1,1,0,0,0
50,18,6,33,18,232,7,57,3,2,2,0,0,0,1,0,0,1,0
35,13,7,24,15,168,14,53,4,3,3,1,0,0,0,0,0,0,1
32,10,6,31,11,175,8,41,4,2,2,1,0,0,0,0,0,1,0
39,13,7,33,13,157,12,43,2,4,1,0,1,0,0,0,1,0,0
42,14,6,30,17,231,15,41,2,3,4,0,1,0,0,1,0,0,0
39,14,3,32,15,192,12,46,4,3,1,1,0,0,0,0,1,0,0
12,5,6,15,8,193,8,43,4,1,2,1,0,0,0,0,0,1,0
17,8,5,10,13,250,12,43,3,1,3,0,0,0,1,0,0,0,1
31,11,5,27,13,196,6,40,3,4,3,0,0,0,1,0,0,0,1
23,9,6,20,12,193,8,34,2,1,4,0,1,0,0,1,0,0,0
31,11,7,25,13,194,13,33,2,1,3,0,1,0,0,0,0,0,1
51,18,4,32,21,209,11,47,3,2,2,0,0,0,1,0,0,1,0
27,9,6,28,10,165,13,38,2,3,3,0,1,0,0,0,0,0,1
50,17,5,26,24,210,11,35,2,4,4,0,1,0,0,1,0,0,0
29,12,4,18,15,249,12,49,2,2,1,0,1,0,0,0,1,0,0
48,16,4,41,14,194,14,56,4,2,1,1,0,0,0,0,1,0,0
19,8,8,18,10,159,14,47,4,4,4,1,0,0,0,1,0,0,0
9,3,6,22,3,185,7,38,3,1,2,0,0,0,1,0,0,1,0
36,13,4,27,16,183,12,42,4,4,3,1,0,0,0,0,0,0,1
24,10,6,14,15,204,8,42,4,1,4,1,0,0,0,1,0,0,0
19,8,5,24,7,160,11,56,3,3,3,0,0,0,1,0,0,0,1
41,15,4,23,20,179,9,46,1,4,4,0,0,1,0,1,0,0,0
23,8,4,24,10,173,15,44,2,4,4,0,1,0,0,1,0,0,0
58,20,7,34,22,173,11,47,4,1,4,1,0,0,0,1,0,0,0
12,4,5,22,5,270,10,43,2,2,2,0,1,0,0,0,0,1,0
33,10,6,33,10,224,8,44,3,4,2,0,0,0,1,0,0,1,0
27,11,6,19,13,249,13,52,3,3,3,0,0,0,1,0,0,0,1
37,13,4,28,15,177,11,48,4,1,4,1,0,0,0,1,0,0,0
37,13,2,31,15,207,12,41,1,4,2,0,0,1,0,0,0,1,0
14,5,3,24,7,209,15,38,1,4,3,0,0,1,0,0,0,0,1
30,12,3,22,15,187,9,48,3,4,2,0,0,0,1,0,0,1,0
26,9,4,28,9,225,12,50,3,3,2,0,0,0,1,0,0,1,0
23,9,3,23,11,188,14,43,1,1,3,0,0,1,0,0,0,0,1
43,15,6,22,21,173,9,32,4,1,3,1,0,0,0,0,0,0,1
44,15,8,23,20,215,10,39,1,4,2,0,0,1,0,0,0,1,0
14,5,3,26,6,206,9,28,2,2,3,0,1,0,0,0,0,0,1
0,1,5,17,1,202,6,48,2,2,1,0,1,0,0,0,1,0,0
21,8,4,21,11,195,5,49,2,1,1,0,1,0,0,0,1,0,0
16,6,3,23,8,191,14,36,1,2,1,0,0,1,0,0,1,0,0
42,14,9,35,12,194,13,52,3,1,1,0,0,0,1,0,1,0,0
30,11,7,22,13,186,15,46,4,4,4,1,0,0,0,1,0,0,0
21,7,7,28,6,193,9,44,2,2,2,0,1,0,0,0,0,1,0
18,6,5,27,5,220,11,56,1,3,2,0,0,1,0,0,0,1,0
20,9,2,15,14,201,15,44,3,4,3,0,0,0,1,0,0,0,1
17,7,6,16,10,186,10,42,1,1,3,0,0,1,0,0,0,0,1
31,11,6,23,15,209,5,36,3,3,4,0,0,0,1,1,0,0,0
44,18,5,18,23,175,12,47,3,1,4,0,0,0,1,1,0,0,0
30,11,4,31,10,235,13,49,2,3,3,0,1,0,0,0,0,0,1
43,15,5,27,19,246,7,38,2,1,3,0,1,0,0,0,0,0,1
25,10,3,17,14,191,5,46,1,1,1,0,0,1,0,0,1,0,0
37,13,5,30,14,191,11,45,3,4,2,0,0,0,1,0,0,1,0
20,8,4,17,12,241,11,44,3,4,1,0,0,0,1,0,1,0,0
36,12,6,33,13,159,14,37,3,2,3,0,0,0,1,0,0,0,1
26,10,6,22,12,213,11,52,2,3,1,0,1,0,0,0,1,0,0
28,11,4,28,11,218,11,48,1,3,1,0,0,1,0,0,1,0,0
27,9,5,28,11,212,10,39,1,1,1,0,0,1,0,0,1,0,0
37,12,6,29,14,189,6,45,2,2,2,0,1,0,0,0,0,1,0
16,6,5,19,9,189,11,33,1,2,3,0,0,1,0,0,0,0,1
36,12,2,29,15,172,8,43,3,4,4,0,0,0,1,1,0,0,0
26,9,7,24,11,196,9,36,1,3,2,0,0,1,0,0,0,1,0
46,14,6,38,15,225,11,37,4,1,4,1,0,0,0,1,0,0,0
33,11,5,26,15,196,10,36,4,4,2,1,0,0,0,0,0,1,0
24,9,1,28,10,195,13,46,4,4,2,1,0,0,0,0,0,1,0
33,13,4,19,18,240,11,50,2,3,4,0,1,0,0,1,0,0,0
60,19,4,46,19,181,6,35,3,2,2,0,0,0,1,0,0,1,0
27,7,6,35,7,215,14,32,3,1,2,0,0,0,1,0,0,1,0
30,12,4,21,15,217,12,49,1,2,4,0,0,1,0,1,0,0,0
51,19,8,20,25,265,12,45,1,4,2,0,0,1,0,0,0,1,0
24,9,8,22,10,235,14,44,1,1,4,0,0,1,0,1,0,0,0
10,5,4,20,5,202,13,54,4,2,3,1,0,0,0,0,0,0,1
47,17,7,27,20,222,9,46,3,1,3,0,0,0,1,0,0,0,1
28,9,4,30,10,206,12,44,3,4,2,0,0,0,1,0,0,1,0
31,12,4,24,14,223,13,47,4,1,1,1,0,0,0,0,1,0,0
23,8,7,26,8,170,8,46,1,1,4,0,0,1,0,1,0,0,0
38,13,7,32,13,206,8,55,1,3,2,0,0,1,0,0,0,1,0
41,15,2,24,20,155,11,46,2,1,4,0,1,0,0,1,0,0,0
20,7,4,25,8,181,13,40,1,3,4,0,0,1,0,1,0,0,0
20,7,4,23,9,208,10,40,4,3,4,1,0,0,0,1,0,0,0
43,16,4,22,21,221,5,45,4,1,3,1,0,0,0,0,0,0,1
0,1,4,13,4,174,7,44,4,4,2,1,0,0,0,0,0,1,0
17,6,5,27,6,225,10,41,1,3,1,0,0,1,0,0,1,0,0
26,9,6,26,10,240,12,39,2,1,4,0,1,0,0,1,0,0,0
33,12,5,26,13,204,12,47,2,1,2,0,1,0,0,0,0,1,0
33,11,8,25,14,215,11,37,1,3,3,0,0,1,0,0,0,0,1
31,11,7,25,13,198,16,45,3,4,3,0,0,0,1,0,0,0,1
51,16,8,41,14,206,12,53,1,1,3,0,0,1,0,0,0,0,1
38,15,6,21,18,203,7,49,1,2,3,0,0,1,0,0,0,0,1
29,13,4,9,20,179,11,45,2,1,4,0,1,0,0,1,0,0,0
30,12,3,25,13,150,13,54,2,3,2,0,1,0,0,0,0,1,0
33,13,4,19,18,219,13,46,2,4,1,0,1,0,0,0,1,0,0
34,12,5,23,16,197,10,42,3,2,2,0,0,0,1,0,0,1,0
38,15,1,24,18,200,11,52,4,4,3,1,0,0,0,0,0,0,1
15,5,5,27,4,208,10,41,4,1,4,1,0,0,0,1,0,0,0
20,7,4,27,7,166,16,44,4,1,2,1,0,0,0,0,0,1,0
48,16,5,37,16,228,11,38,3,1,4,0,0,0,1,1,0,0,0
17,7,4,24,7,159,19,47,2,1,4,0,1,0,0,1,0,0,0
27,9,3,30,10,199,13,45,3,2,1,0,0,0,1,0,1,0,0
29,11,7,26,11,232,9,53,2,2,2,0,1,0,0,0,0,1,0
19,9,5,12,13,194,10,45,3,2,3,0,0,0,1,0,0,0,1
25,9,7,27,9,165,11,46,3,4,2,0,0,0,1,0,0,1,0
20,7,5,25,8,180,6,46,4,2,3,1,0,0,0,0,0,0,1
43,15,4,29,18,197,6,39,4,1,1,1,0,0,0,0,1,0,0
30,12,9,13,17,191,13,46,1,3,1,0,0,1,0,0,1,0,0
33,12,6,26,14,213,12,41,2,3,1,0,1,0,0,0,1,0,0
35,12,6,26,15,229,13,38,3,1,2,0,0,0,1,0,0,1,0
24,9,4,18,14,208,8,43,4,4,1,1,0,0,0,0,1,0,0
27,9,4,24,12,200,10,36,1,3,3,0,0,1,0,0,0,0,1
32,12,4,23,16,180,12,37,1,3,3,0,0,1,0,0,0,0,1
31,11,5,27,13,146,14,45,3,4,2,0,0,0,1,0,0,1,0
31,10,4,32,11,220,10,33,4,2,3,1,0,0,0,0,0,0,1
29,11,9,24,11,198,18,42,2,1,2,0,1,0,0,0,0,1,0
27,9,8,28,9,167,7,43,3,2,1,0,0,0,1,0,1,0,0
44,15,5,31,18,240,11,32,3,2,4,0,0,0,1,1,0,0,0
25,9,6,26,9,224,11,48,2,2,3,0,1,0,0,0,0,0,1
24,9,4,26,9,248,12,57,1,4,4,0,0,1,0,1,0,0,0
37,13,4,29,15,160,14,53,4,1,3,1,0,0,0,0,0,0,1
41,14,3,34,15,142,6,52,4,1,1,1,0,0,0,0,1,0,0
24,10,5,15,14,201,10,50,1,4,2,0,0,1,0,0,0,1,0
21,8,6,15,13,178,15,36,2,2,1,0,1,0,0,0,1,0,0
26,10,3,25,12,182,11,41,1,4,4,0,0,1,0,1,0,0,0
33,12,3,29,12,186,13,54,3,4,3,0,0,0,1,0,0,0,1
25,10,6,19,12,158,13,46,1,4,3,0,0,1,0,0,0,0,1
37,14,2,27,16,207,14,50,1,2,4,0,0,1,0,1,0,0,0
41,14,7,26,17,199,7,43,2,3,3,0,1,0,0,0,0,0,1
30,11,6,24,13,164,10,45,3,3,3,0,0,0,1,0,0,0,1
40,13,3,36,14,205,10,36,1,1,2,0,0,1,0,0,0,1,0
49,17,6,33,18,143,14,53,3,2,3,0,0,0,1,0,0,0,1
41,15,3,31,16,224,11,55,1,3,2,0,0,1,0,0,0,1,0
27,9,6,29,9,201,11,43,2,2,4,0,1,0,0,1,0,0,0
35,13,3,26,15,212,8,48,1,4,4,0,0,1,0,1,0,0,0
36,13,6,24,17,187,10,39,3,4,1,0,0,0,1,0,1,0,0
22,8,3,20,12,221,9,34,4,1,4,1,0,0,0,1,0,0,0
21,7,3,20,13,202,13,20,4,1,4,1,0,0,0,1,0,0,0
36,12,5,28,15,213,13,44,3,4,4,0,0,0,1,1,0,0,0
28,11,6,19,14,235,15,45,3,4,1,0,0,0,1,0,1,0,0
18,8,6,21,8,173,14,47,3,2,2,0,0,0,1,0,0,1,0
41,16,5,23,20,193,13,46,1,2,4,0,0,1,0,1,0,0,0
49,17,6,28,21,172,14,41,2,1,3,0,1,0,0,0,0,0,1
25,10,7,20,11,194,7,48,1,2,2,0,0,1,0,0,0,1,0
19,6,3,32,4,218,9,56,2,4,2,0,1,0,0,0,0,1,0
35,12,5,26,16,205,7,40,4,4,2,1,0,0,0,0,0,1,0
26,10,6,22,12,206,7,45,4,3,1,1,0,0,0,0,1,0,0
40,15,3,24,20,173,10,45,1,4,3,0,0,1,0,0,0,0,1
42,16,5,21,21,245,14,46,3,4,2,0,0,0,1,0,0,1,0
19,8,3,16,13,205,15,34,3,2,1,0,0,0,1,0,1,0,0
36,13,3,31,14,211,8,44,2,2,2,0,1,0,0,0,0,1,0
35,14,5,15,20,279,10,35,2,3,4,0,1,0,0,1,0,0,0
33,12,6,27,13,211,10,53,4,4,1,1,0,0,0,0,1,0,0
35,12,4,28,15,157,13,43,1,4,2,0,0,1,0,0,0,1,0
22,9,4,21,11,233,11,44,1,1,4,0,0,1,0,1,0,0,0
7,4,5,17,5,171,4,43,1,2,2,0,0,1,0,0,0,1,0
35,12,7,28,14,158,13,43,2,3,1,0,1,0,0,0,1,0,0
35,12,7,28,14,211,12,41,4,2,2,1,0,0,0,0,0,1,0
15,6,6,24,6,182,16,43,2,1,4,0,1,0,0,1,0,0,0
28,10,4,25,13,226,12,37,1,4,4,0,0,1,0,1,0,0,0
9,5,5,13,7,182,11,52,2,3,2,0,1,0,0,0,0,1,0
43,15,5,32,17,188,13,44,2,3,3,0,1,0,0,0,0,0,1
43,16,4,27,19,194,8,45,3,2,4,0,0,0,1,1,0,0,0
31,11,3,28,14,218,17,38,2,4,1,0,1,0,0,0,1,0,0
30,12,5,18,16,187,9,46,3,3,1,0,0,0,1,0,1,0,0
28,11,6,17,15,179,12,43,1,1,4,0,0,1,0,1,0,0,0
27,10,4,27,10,226,12,55,1,1,4,0,0,1,0,1,0,0,0
44,15,4,34,16,202,11,47,1,2,2,0,0,1,0,0,0,1,0
29,10,4,28,12,166,7,42,2,4,1,0,1,0,0,0,1,0,0
35,12,4,29,13,181,11,58,3,3,4,0,0,0,1,1,0,0,0
31,10,6,36,8,238,9,44,3,3,3,0,0,0,1,0,0,0,1
36,12,6,26,16,240,9,35,1,2,3,0,0,1,0,0,0,0,1
30,10,4,27,12,204,16,40,1,1,2,0,0,1,0,0,0,1,0
44,18,8,16,22,147,10,50,3,2,3,0,0,0,1,0,0,0,1
45,14,7,34,16,240,8,37,3,4,3,0,0,0,1,0,0,0,1
46,15,6,34,16,193,13,44,4,2,3,1,0,0,0,0,0,0,1
33,12,4,21,17,198,10,45,4,4,1,1,0,0,0,0,1,0,0
48,17,6,28,21,236,9,38,4,4,3,1,0,0,0,0,0,0,1
37,14,5,27,16,183,11,51,1,4,3,0,0,1,0,0,0,0,1
29,10,8,28,9,245,6,48,2,3,3,0,1,0,0,0,0,0,1
22,8,3,29,7,203,14,58,1,2,1,0,0,1,0,0,1,0,0
26,10,4,18,14,170,9,40,4,1,3,1,0,0,0,0,0,0,1
22,9,6,17,12,170,12,46,3,1,2,0,0,0,1,0,0,1,0
10,5,4,14,9,171,10,37,3,3,3,0,0,0,1,0,0,0,1
15,7,6,12,11,200,13,40,4,4,4,1,0,0,0,1,0,0,0
33,12,7,25,14,147,12,42,1,3,2,0,0,1,0,0,0,1,0
48,17,2,34,19,240,13,44,1,4,1,0,0,1,0,0,1,0,0
31,12,9,21,14,263,14,43,3,3,2,0,0,0,1,0,0,1,0
23,9,5,18,13,166,8,47,1,3,3,0,0,1,0,0,0,0,1
47,17,6,33,17,199,12,55,1,4,3,0,0,1,0,0,0,0,1
28,11,7,16,16,199,10,45,3,4,4,0,0,0,1,1,0,0,0
19,8,6,13,14,250,9,31,2,3,2,0,1,0,0,0,0,1,0
35,11,7,30,13,131,10,40,1,4,3,0,0,1,0,0,0,0,1
49,17,4,29,21,215,8,49,2,1,1,0,1,0,0,0,1,0,0
39,13,6,26,18,210,12,24,1,1,2,0,0,1,0,0,0,1,0
30,13,4,13,19,236,11,47,3,2,2,0,0,0,1,0,0,1,0
35,13,6,24,16,192,7,47,2,2,1,0,1,0,0,0,1,0,0
25,10,5,19,13,183,16,39,3,2,1,0,0,0,1,0,1,0,0
21,9,7,16,12,185,14,46,2,4,2,0,1,0,0,0,0,1,0
42,14,5,30,16,186,17,42,4,1,4,1,0,0,0,1,0,0,0
37,12,5,33,14,245,8,35,3,2,2,0,0,0,1,0,0,1,0
32,11,4,30,12,183,9,44,3,1,1,0,0,0,1,0,1,0,0
34,13,5,19,18,183,9,43,2,3,3,0,1,0,0,0,0,0,1
25,10,5,14,16,181,7,44,1,1,1,0,0,1,0,0,1,0,0
24,9,5,26,10,178,9,45,3,3,2,0,0,0,1,0,0,1,0
16,7,5,15,11,166,8,35,4,1,2,1,0,0,0,0,0,1,0
54,19,6,35,20,215,12,48,1,1,2,0,0,1,0,0,0,1,0
25,10,6,19,13,206,14,39,4,2,4,1,0,0,0,1,0,0,0
38,14,3,22,19,215,9,47,3,4,3,0,0,0,1,0,0,0,1
29,11,5,23,13,231,13,53,2,2,1,0,1,0,0,0,1,0,0
43,15,5,29,18,233,10,44,1,4,4,0,0,1,0,1,0,0,0
41,14,5,28,17,239,7,41,4,2,4,1,0,0,0,1,0,0,0
17,7,5,17,10,179,9,48,2,1,1,0,1,0,0,0,1,0,0
29,11,6,22,14,183,9,39,4,2,2,1,0,0,0,0,0,1,0
32,12,7,25,13,192,8,49,1,3,4,0,0,1,0,1,0,0,0
47,16,3,38,16,225,14,50,2,1,4,0,1,0,0,1,0,0,0
28,10,3,28,11,179,11,47,3,4,4,0,0,0,1,1,0,0,0
31,12,6,21,15,174,13,47,2,3,4,0,1,0,0,1,0,0,0
29,10,5,30,10,169,9,40,2,1,2,0,1,0,0,0,0,1,0
45,17,5,29,18,208,11,51,2,1,2,0,1,0,0,0,0,1,0
31,11,5,28,12,214,11,44,4,2,2,1,0,0,0,0,0,1,0
41,14,4,34,15,255,11,39,2,1,3,0,1,0,0,0,0,0,1
27,10,6,25,11,214,4,46,2,4,4,0,1,0,0,1,0,0,0
31,12,5,18,16,204,8,56,4,4,4,1,0,0,0,1,0,0,0
29,9,6,31,9,179,10,42,3,2,4,0,0,0,1,1,0,0,0
23,9,2,23,12,210,11,37,1,1,2,0,0,1,0,0,0,1,0
18,6,8,17,10,195,5,40,2,2,3,0,1,0,0,0,0,0,1
22,9,5,17,12,226,10,49,2,3,3,0,1,0,0,0,0,0,1
28,12,3,19,15,167,8,45,1,2,2,0,0,1,0,0,0,1,0
12,6,2,10,12,183,14,45,3,1,4,0,0,0,1,1,0,0,0
28,10,6,32,8,185,14,47,4,4,1,1,0,0,0,0,1,0,0
12,4,5,22,6,180,8,36,1,4,3,0,0,1,0,0,0,0,1
35,12,6,32,11,200,10,55,2,4,4,0,1,0,0,1,0,0,0
26,9,6,24,11,190,13,44,4,4,2,1,0,0,0,0,0,1,0
34,13,7,18,18,200,12,40,4,1,4,1,0,0,0,1,0,0,0
38,13,5,33,14,204,10,48,4,4,3,1,0,0,0,0,0,0,1
57,19,7,35,21,233,13,50,2,3,4,0,1,0,0,1,0,0,0
17,8,4,17,11,192,10,44,1,1,1,0,0,1,0,0,1,0,0
21,7,4,28,7,221,15,43,3,3,1,0,0,0,1,0,1,0,0
40,14,3,29,17,214,14,44,3,4,1,0,0,0,1,0,1,0,0
41,16,7,16,23,189,14,35,1,2,2,0,0,1,0,0,0,1,0
42,15,5,26,18,173,11,55,3,4,1,0,0,0,1,0,1,0,0
23,9,6,23,10,148,9,39,2,4,2,0,1,0,0,0,0,1,0
39,13,6,28,17,225,10,33,3,1,3,0,0,0,1,0,0,0,1
23,8,4,26,9,170,9,48,4,2,3,1,0,0,0,0,0,0,1
38,13,6,37,10,197,13,60,1,1,4,0,0,1,0,1,0,0,0
31,11,5,22,15,192,11,47,1,3,4,0,0,1,0,1,0,0,0
31,11,8,27,12,186,11,46,4,2,2,1,0,0,0,0,0,1,0
33,14,3,22,16,221,12,48,3,1,3,0,0,0,1,0,0,0,1
23,9,4,19,13,186,5,42,2,3,1,0,1,0,0,0,1,0,0
40,14,5,31,15,194,15,45,4,1,3,1,0,0,0,0,0,0,1
23,9,5,27,8,178,11,50,3,3,2,0,0,0,1,0,0,1,0
30,10,3,30,11,177,14,46,3,1,3,0,0,0,1,0,0,0,1
31,13,2,23,15,201,11,52,4,3,4,1,0,0,0,1,0,0,0
11,5,8,21,4,248,7,50,1,4,2,0,0,1,0,0,0,1,0
34,13,6,16,19,235,11,45,3,2,2,0,0,0,1,0,0,1,0
39,14,6,24,19,178,8,35,2,3,1,0,1,0,0,0,1,0,0
21,8,5,22,10,164,10,42,2,3,3,0,1,0,0,0,0,0,1
47,16,7,36,15,158,11,58,1,3,2,0,0,1,0,0,0,1,0
27,10,4,27,10,223,15,50,4,1,2,1,0,0,0,0,0,1,0
13,5,8,13,9,227,10,40,4,2,3,1,0,0,0,0,0,0,1
31,11,7,25,13,165,13,44,4,4,2,1,0,0,0,0,0,1,0
42,14,6,31,16,224,11,46,3,3,2,0,0,0,1,0,0,1,0
44,16,8,29,18,153,15,41,3,3,2,0,0,0,1,0,0,1,0
23,8,3,31,7,167,11,48,4,4,1,1,0,0,0,0,1,0,0
28,11,6,22,13,228,15,50,3,4,4,0,0,0,1,1,0,0,0
36,14,6,20,18,219,13,46,2,1,3,0,1,0,0,0,0,0,1
36,13,6,26,15,177,11,46,2,3,1,0,1,0,0,0,1,0,0
32,11,5,32,10,188,12,48,1,2,2,0,0,1,0,0,0,1,0
35,12,4,31,14,222,12,32,3,1,1,0,0,0,1,0,1,0,0
32,13,5,20,16,176,13,50,1,3,4,0,0,1,0,1,0,0,0
31,11,4,32,10,232,11,63,3,4,3,0,0,0,1,0,0,0,1
29,11,6,19,15,224,10,48,3,3,1,0,0,0,1,0,1,0,0
34,13,5,23,16,238,11,44,2,3,2,0,1,0,0,0,0,1,0
36,13,7,23,17,206,9,37,2,4,4,0,1,0,0,1,0,0,0
40,15,5,27,17,195,9,42,4,4,2,1,0,0,0,0,0,1,0
27,9,7,26,10,223,12,42,3,4,4,0,0,0,1,1,0,0,0
40,15,2,23,20,203,14,42,4,2,4,1,0,0,0,1,0,0,0
29,10,5,26,11,194,14,44,3,3,2,0,0,0,1,0,0,1,0
31,12,5,20,16,238,11,44,3,2,3,0,0,0,1,0,0,0,1
23,10,6,19,12,188,10,50,2,4,4,0,1,0,0,1,0,0,0
35,12,7,23,16,219,12,42,2,4,3,0,1,0,0,0,0,0,1
46,17,5,27,20,181,15,48,2,2,4,0,1,0,0,1,0,0,0
19,7,5,26,7,266,8,44,1,3,4,0,0,1,0,1,0,0,0
28,9,8,30,9,189,13,42,1,4,2,0,0,1,0,0,0,1,0
29,11,4,22,14,191,11,45,2,1,1,0,1,0,0,0,1,0,0
42,14,3,31,17,182,10,45,1,3,2,0,0,1,0,0,0,1,0
43,15,4,34,15,171,13,48,1,2,4,0,0,1,0,1,0,0,0
25,9,6,19,13,209,11,38,2,2,3,0,1,0,0,0,0,0,1
42,16,4,28,18,228,14,46,3,1,3,0,0,0,1,0,0,0,1
37,13,4,25,16,200,15,50,3,4,1,0,0,0,1,0,1,0,0
24,11,6,17,14,197,10,47,1,3,4,0,0,1,0,1,0,0,0
28,10,4,25,13,173,10,37,3,2,3,0,0,0,1,0,0,0,1
29,11,3,19,16,184,8,43,3,4,3,0,0,0,1,0,0,0,1
40,15,6,20,20,181,15,43,4,4,3,1,0,0,0,0,0,0,1
32,10,8,26,13,194,10,40,2,1,1,0,1,0,0,0,1,0,0
46,16,5,31,18,160,10,48,1,2,1,0,0,1,0,0,1,0,0
33,12,6,26,14,184,10,42,1,1,4,0,0,1,0,1,0,0,0
15,6,5,19,9,171,12,35,3,2,1,0,0,0,1,0,1,0,0
21,8,5,17,12,216,10,36,1,2,4,0,0,1,0,1,0,0,0
28,11,4,27,11,189,13,49,3,2,2,0,0,0,1,0,0,1,0
38,13,7,28,15,167,11,44,3,2,1,0,0,0,1,0,1,0,0
50,17,6,30,21,170,9,40,1,2,2,0,0,1,0,0,0,1,0
35,14,2,21,19,184,11,48,1,4,1,0,0,1,0,0,1,0,0
28,10,5,23,13,216,15,48,1,3,2,0,0,1,0,0,0,1,0
34,13,5,24,15,185,9,47,3,1,1,0,0,0,1,0,1,0,0
23,9,4,21,12,160,12,46,2,2,3,0,1,0,0,0,0,0,1
31,12,5,25,13,186,16,52,2,2,2,0,1,0,0,0,0,1,0
21,8,2,22,11,221,9,40,1,3,3,0,0,1,0,0,0,0,1
24,10,3,20,13,146,10,44,1,3,3,0,0,1,0,0,0,0,1
46,16,8,28,19,173,14,44,3,3,4,0,0,0,1,1,0,0,0
34,13,8,28,13,145,10,47,4,1,2,1,0,0,0,0,0,1,0
31,9,6,34,9,181,9,43,1,3,2,0,0,1,0,0,0,1,0
25,8,4,29,9,146,8,44,2,4,1,0,1,0,0,0,1,0,0
48,16,4,33,19,158,8,39,1,3,4,0,0,1,0,1,0,0,0
20,9,5,18,10,194,9,50,2,1,4,0,1,0,0,1,0,0,0
42,15,4,29,17,184,9,51,3,4,4,0,0,0,1,1,0,0,0
11,6,6,16,8,170,14,44,4,4,2,1,0,0,0,0,0,1,0
42,16,5,21,21,201,14,51,4,2,1,1,0,0,0,0,1,0,0
24,10,6,22,11,193,15,48,4,2,4,1,0,0,0,1,0,0,0
41,15,4,23,20,172,10,48,2,4,3,0,1,0,0,0,0,0,1
41,16,5,27,18,163,14,49,3,2,1,0,0,0,1,0,1,0,0
34,11,5,33,12,193,20,31,2,2,3,0,1,0,0,0,0,0,1
58,20,4,34,23,215,10,42,3,2,4,0,0,0,1,1,0,0,0
15,5,6,22,6,231,7,42,1,3,2,0,0,1,0,0,0,1,0
44,14,5,34,16,233,9,39,3,3,2,0,0,0,1,0,0,1,0
31,12,4,19,17,185,16,46,3,4,2,0,0,0,1,0,0,1,0
47,17,5,27,21,173,9,48,4,4,3,1,0,0,0,0,0,0,1
33,11,7,32,10,194,11,50,2,4,3,0,1,0,0,0,0,0,1
21,9,5,16,12,183,8,48,4,4,1,1,0,0,0,0,1,0,0
31,9,6,36,9,188,12,34,1,4,4,0,0,1,0,1,0,0,0
16,6,5,20,8,193,12,42,3,2,3,0,0,0,1,0,0,0,1
40,15,4,28,17,164,15,47,4,2,1,1,0,0,0,0,1,0,0
23,9,6,23,10,130,12,51,1,3,2,0,0,1,0,0,0,1,0
22,8,6,25,8,154,12,50,4,1,4,1,0,0,0,1,0,0,0
37,14,9,19,19,223,8,40,2,3,1,0,1,0,0,0,1,0,0
19,8,5,21,9,195,13,43,2,2,4,0,1,0,0,1,0,0,0
15,4,2,33,2,172,10,48,2,3,1,0,1,0,0,0,1,0,0
29,10,6,28,12,237,12,34,1,4,1,0,0,1,0,0,1,0,0
21,8,5,23,9,157,12,51,4,2,4,1,0,0,0,1,0,0,0
22,8,3,19,12,148,8,48,4,2,1,1,0,0,0,0,1,0,0
25,9,6,26,10,192,12,38,3,1,1,0,0,0,1,0,1,0,0
36,13,6,23,17,236,12,37,3,3,4,0,0,0,1,1,0,0,0
22,8,3,26,9,196,12,44,1,3,4,0,0,1,0,1,0,0,0
27,10,2,24,14,186,15,40,3,4,2,0,0,0,1,0,0,1,0
38,13,5,33,13,196,11,44,1,4,4,0,0,1,0,1,0,0,0
35,12,7,27,14,194,12,40,2,3,4,0,1,0,0,1,0,0,0
29,11,2,24,14,204,12,47,3,3,4,0,0,0,1,1,0,0,0
40,15,6,26,16,200,7,53,4,1,3,1,0,0,0,0,0,0,1
31,10,4,30,12,239,6,37,4,1,2,1,0,0,0,0,0,1,0
27,12,6,12,17,157,13,44,3,2,1,0,0,0,1,0,1,0,0
7,4,7,9,8,214,10,43,4,3,3,1,0,0,0,0,0,0,1
20,7,6,32,4,166,13,53,4,4,1,1,0,0,0,0,1,0,0
48,16,5,37,16,181,4,48,1,3,2,0,0,1,0,0,0,1,0
30,10,4,29,11,145,14,39,4,2,3,1,0,0,0,0,0,0,1
22,9,6,21,10,202,15,45,1,2,1,0,0,1,0,0,1,0,0
26,9,6,25,12,236,17,34,4,4,2,1,0,0,0,0,0,1,0
53,18,6,39,18,215,14,47,4,3,1,1,0,0,0,0,1,0,0
42,13,5,35,14,144,14,45,1,1,1,0,0,1,0,0,1,0,0
26,9,3,32,9,198,8,43,4,4,1,1,0,0,0,0,1,0,0
45,16,6,26,19,203,11,40,2,1,4,0,1,0,0,1,0,0,0
27,10,7,21,13,186,7,49,2,4,2,0,1,0,0,0,0,1,0
32,12,5,22,15,240,12,49,4,3,4,1,0,0,0,1,0,0,0
21,7,5,30,6,202,12,50,1,2,3,0,0,1,0,0,0,0,1
11,6,4,17,7,249,14,53,4,3,2,1,0,0,0,0,0,1,0
23,9,3,15,14,270,13,43,1,1,3,0,0,1,0,0,0,0,1
42,16,2,29,18,179,11,50,3,1,3,0,0,0,1,0,0,0,1
15,7,7,21,6,211,11,51,2,1,1,0,1,0,0,0,1,0,0
33,11,4,32,12,206,10,38,2,3,4,0,1,0,0,1,0,0,0
22,8,3,27,8,177,13,43,1,2,1,0,0,1,0,0,1,0,0
33,12,4,31,11,194,14,50,4,2,2,1,0,0,0,0,0,1,0
28,9,9,26,11,183,11,27,2,4,2,0,1,0,0,0,0,1,0
27,10,7,24,11,195,12,45,1,4,4,0,0,1,0,1,0,0,0
14,5,7,19,7,157,11,44,1,3,3,0,0,1,0,0,0,0,1
31,11,7,25,13,219,13,45,3,2,4,0,0,0,1,1,0,0,0
53,18,7,30,22,211,7,37,2,2,3,0,1,0,0,0,0,0,1
28,9,5,29,10,149,11,39,1,1,4,0,0,1,0,1,0,0,0
32,13,4,18,17,235,12,53,2,4,1,0,1,0,0,0,1,0,0
40,15,7,24,18,219,11,48,4,3,3,1,0,0,0,0,0,0,1
36,13,7,30,12,213,13,54,3,4,3,0,0,0,1,0,0,0,1
13,6,7,12,10,211,9,40,2,3,4,0,1,0,0,1,0,0,0
30,11,6,20,15,235,3,48,3,4,4,0,0,0,1,1,0,0,0
22,7,2,30,8,179,8,34,4,4,4,1,0,0,0,1,0,0,0
41,15,8,22,19,216,11,47,4,2,1,1,0,0,0,0,1,0,0
25,8,4,28,9,213,10,48,2,4,3,0,1,0,0,0,0,0,1
23,9,2,20,13,233,4,38,2,1,2,0,1,0,0,0,0,1,0
8,4,4,18,6,135,10,40,3,1,2,0,0,0,1,0,0,1,0
15,6,6,22,6,232,12,48,1,3,3,0,0,1,0,0,0,0,1
45,16,3,26,21,212,10,36,2,2,3,0,1,0,0,0,0,0,1
31,12,6,20,15,234,8,43,2,2,4,0,1,0,0,1,0,0,0
32,12,3,23,15,228,12,51,1,3,2,0,0,1,0,0,0,1,0
41,14,5,35,14,161,11,52,1,2,2,0,0,1,0,0,0,1,0
30,10,5,30,10,232,12,43,3,1,3,0,0,0,1,0,0,0,1
40,13,7,36,12,233,10,43,2,2,1,0,1,0,0,0,1,0,0
35,13,5,21,18,153,14,46,1,1,4,0,0,1,0,1,0,0,0
28,11,6,21,13,180,12,57,2,3,3,0,1,0,0,0,0,0,1
35,12,5,30,13,170,9,46,4,1,1,1,0,0,0,0,1,0,0
11,5,4,18,7,187,12,36,1,4,2,0,0,1,0,0,0,1,0
24,10,3,19,13,154,10,53,2,3,3,0,1,0,0,0,0,0,1
27,8,5,34,8,252,15,34,2,3,4,0,1,0,0,1,0,0,0
22,8,6,23,9,221,12,49,2,4,3,0,1,0,0,0,0,0,1
39,14,4,21,20,160,12,44,3,3,1,0,0,0,1,0,1,0,0
48,17,5,31,19,155,11,52,4,3,2,1,0,0,0,0,0,1,0
32,12,5,25,14,248,11,51,2,4,3,0,1,0,0,0,0,0,1
50,18,6,32,19,206,12,58,3,2,3,0,0,0,1,0,0,0,1
22,8,6,22,10,227,11,43,3,3,4,0,0,0,1,1,0,0,0
49,17,3,34,20,176,9,46,1,3,3,0,0,1,0,0,0,0,1
26,9,6,25,11,184,9,35,4,3,2,1,0,0,0,0,0,1,0
2,2,2,15,5,230,13,39,1,1,1,0,0,1,0,0,1,0,0
30,10,4,31,10,160,9,48,1,2,3,0,0,1,0,0,0,0,1
16,8,2,14,12,198,6,47,4,1,2,1,0,0,0,0,0,1,0
39,15,8,23,18,257,14,45,2,4,1,0,1,0,0,0,1,0,0
19,8,3,21,10,184,12,52,3,3,1,0,0,0,1,0,1,0,0
16,6,5,18,9,175,15,38,4,3,3,1,0,0,0,0,0,0,1
35,12,5,27,15,211,15,44,4,2,3,1,0,0,0,0,0,0,1
42,15,4,27,19,236,13,44,4,3,1,1,0,0,0,0,1,0,0
6,4,6,11,6,173,13,53,1,4,4,0,0,1,0,1,0,0,0
35,12,6,23,16,209,7,29,2,1,2,0,1,0,0,0,0,1,0
50,19,6,22,25,195,8,42,3,2,2,0,0,0,1,0,0,1,0
10,4,5,20,5,232,10,43,3,4,4,0,0,0,1,1,0,0,0
17,8,5,15,11,170,8,46,2,3,1,0,1,0,0,0,1,0,0
31,11,5,26,13,220,12,42,2,3,3,0,1,0,0,0,0,0,1
33,12,3,29,13,235,11,57,4,4,1,1,0,0,0,0,1,0,0
37,13,6,24,17,241,7,46,2,2,4,0,1,0,0,1,0,0,0
21,8,7,21,9,175,13,47,3,1,1,0,0,0,1,0,1,0,0
53,18,7,28,22,213,14,43,3,3,2,0,0,0,1,0,0,1,0
42,17,3,20,22,200,15,44,2,3,4,0,1,0,0,1,0,0,0
48,17,6,27,21,219,10,44,3,2,1,0,0,0,1,0,1,0,0
36,13,4,26,16,234,11,44,4,2,2,1,0,0,0,0,0,1,0
25,10,5,23,11,203,8,54,2,1,4,0,1,0,0,1,0,0,0
34,12,5,28,13,165,18,56,3,4,4,0,0,0,1,1,0,0,0
47,17,3,30,20,173,11,43,3,3,4,0,0,0,1,1,0,0,0
26,11,3,14,17,171,8,47,2,2,1,0,1,0,0,0,1,0,0
26,10,2,21,15,187,5,36,3,4,3,0,0,0,1,0,0,0,1
40,14,8,25,17,225,14,42,2,2,4,0,1,0,0,1,0,0,0
27,10,5,28,10,181,10,45,1,4,2,0,0,1,0,0,0,1,0
42,15,8,29,16,200,16,49,4,1,1,1,0,0,0,0,1,0,0
28,11,3,25,11,170,14,56,1,2,4,0,0,1,0,1,0,0,0
