wage,hours,IQ,KWW,educ,exper,tenure,age,married,black,south,urban,sibs,brthord,meduc,feduc,lwage
769,40,93,35,12,11,2,31,1,0,0,1,1,2,8,8,6.6450910568237305
808,50,119,41,18,11,16,37,1,0,0,1,1,NA,14,14,6.694561958312988
825,40,108,46,14,11,9,33,1,0,0,1,1,2,14,14,6.715383529663086
650,40,96,32,12,13,7,32,1,0,0,1,4,3,12,12,6.476972579956055
562,40,74,27,11,14,5,34,1,0,0,1,10,6,6,11,6.3315019607543945
1400,40,116,43,16,14,2,35,1,1,0,1,1,2,8,NA,7.244227409362793
600,40,91,24,10,13,0,30,0,0,0,1,1,2,8,8,6.396929740905762
1081,40,114,50,18,8,14,38,1,0,0,1,2,3,8,NA,6.985641956329346
1154,45,111,37,15,13,1,36,1,0,0,0,2,3,14,5,7.050989627838135
1000,40,95,44,12,16,16,36,1,0,0,1,1,1,12,11,6.907755374908447
930,43,132,44,18,8,13,38,1,0,0,0,1,1,13,14,6.835184574127197
921,38,102,45,14,9,11,33,1,0,0,0,1,2,16,NA,6.825459957122803
900,45,125,40,15,4,3,30,0,0,0,0,2,NA,12,12,6.802394866943359
1318,38,119,24,16,7,2,28,1,0,0,1,3,1,10,10,7.183870792388916
1792,40,118,47,16,9,9,34,1,0,0,1,1,1,12,12,7.491087436676025
958,50,105,37,10,17,2,35,1,0,0,1,1,2,6,8,6.864847660064697
1360,45,109,39,15,6,9,36,1,0,0,1,3,3,12,10,7.215240001678467
850,40,72,36,11,19,10,38,1,0,0,1,2,3,10,8,6.745236396789551
830,44,105,29,14,4,7,29,1,0,0,1,3,1,12,NA,6.721425533294678
471,44,101,34,12,13,7,31,1,0,0,1,3,2,8,NA,6.154858112335205
1275,40,123,37,14,9,1,31,1,0,0,1,0,1,12,NA,7.150701522827148
1615,50,113,49,16,10,4,36,1,0,0,1,2,1,12,12,7.38709020614624
873,65,95,36,12,14,3,38,1,0,0,1,5,1,10,10,6.77193546295166
2137,45,145,50,16,17,8,38,1,0,0,1,2,1,12,12,7.667158126831055
1053,38,114,35,16,12,7,32,1,0,0,1,0,1,11,11,6.9593987464904785
1602,60,124,32,16,8,9,29,1,0,0,1,3,1,16,16,7.3790082931518555
1188,40,93,40,13,16,5,35,1,0,0,1,2,1,12,8,7.080026626586914
800,40,115,39,18,11,1,35,1,0,1,1,0,1,8,8,6.684611797332764
1417,48,125,41,17,9,4,34,1,0,0,1,3,1,13,12,7.2562971115112305
635,40,128,35,18,8,13,36,0,0,0,1,2,1,16,16,6.453625202178955
1000,40,103,40,12,17,2,34,1,0,0,1,1,1,8,NA,6.907755374908447
1424,50,98,41,14,15,4,35,1,0,0,1,1,1,12,12,7.26122522354126
2668,75,108,41,13,12,2,32,1,0,1,1,1,2,12,12,7.889084339141846
666,75,129,40,18,8,12,38,1,0,0,0,2,1,18,18,6.5012898445129395
1779,40,132,42,17,8,9,32,1,0,0,1,1,1,17,14,7.483806610107422
782,40,92,24,13,9,10,31,1,0,0,1,3,3,8,NA,6.6618547439575195
1572,35,108,39,14,7,5,28,1,1,0,1,1,NA,12,8,7.360104084014893
1274,40,106,35,13,11,12,31,1,0,0,1,0,1,15,12,7.149916648864746
714,35,105,37,16,9,2,29,1,0,0,1,1,2,13,12,6.570882797241211
1081,40,123,46,18,11,7,36,1,0,0,0,1,1,12,12,6.985641956329346
692,40,108,48,12,21,11,38,1,0,0,1,3,1,8,7,6.539586067199707
1318,38,122,47,17,10,9,33,1,0,0,1,1,NA,12,8,7.183870792388916
1239,45,109,44,12,16,4,38,1,0,0,1,3,3,12,NA,7.1220598220825195
1027,27,100,40,13,12,15,38,1,0,0,1,3,3,10,9,6.934397220611572
1748,55,125,50,18,12,12,34,1,0,0,1,1,2,14,15,7.4662275314331055
981,40,122,41,14,9,15,35,0,0,0,1,3,2,12,NA,6.888572692871094
770,40,105,34,17,7,11,30,1,0,0,1,3,1,12,12,6.646390438079834
1154,50,94,37,16,11,5,33,1,0,0,1,1,NA,12,12,7.050989627838135
1155,40,102,36,12,16,5,34,1,0,0,1,1,2,12,NA,7.051855564117432
808,60,109,47,13,14,12,38,1,0,0,1,2,2,12,10,6.694561958312988
1100,40,105,45,12,22,14,38,1,0,0,1,1,1,12,12,7.003065586090088
1154,40,134,46,18,10,10,37,1,0,1,1,2,1,12,12,7.050989627838135
1749,40,108,32,12,13,9,29,0,0,0,1,7,1,12,9,7.466799259185791
1000,50,104,36,16,11,8,30,1,0,0,1,1,1,12,11,6.907755374908447
462,40,112,35,12,11,1,29,1,0,0,1,8,3,12,NA,6.135564804077148
769,55,120,49,18,8,12,32,0,0,0,1,1,1,11,8,6.6450910568237305
875,50,124,40,16,9,3,31,0,0,0,0,2,2,17,16,6.774223804473877
1375,40,103,34,12,12,7,29,1,0,0,1,4,2,12,10,7.2262091636657715
1452,45,115,45,17,1,7,30,1,0,0,1,3,1,12,14,7.280697345733643
800,40,96,33,12,17,12,35,1,0,0,1,1,2,6,8,6.684611797332764
1748,55,123,48,17,10,7,36,1,0,0,1,1,1,12,12,7.4662275314331055
1151,40,98,34,12,12,12,29,1,0,0,1,3,4,12,8,7.048386573791504
840,50,96,34,12,18,13,35,1,0,0,1,2,1,12,8,6.733401775360107
978,45,89,47,12,17,2,38,1,0,0,1,0,1,12,NA,6.885509490966797
963,40,109,43,12,15,15,37,0,0,0,0,5,NA,NA,7,6.870053291320801
619,42,93,20,12,10,10,28,0,0,0,1,8,NA,9,11,6.428105354309082
442,60,82,32,12,12,0,33,1,0,0,1,2,3,12,9,6.091310024261475
600,40,120,45,15,12,1,38,1,0,0,0,3,4,12,NA,6.396929740905762
1366,38,122,38,12,15,15,32,1,0,0,1,1,2,12,NA,7.219642162322998
1643,48,117,48,18,8,2,33,1,0,0,1,2,2,12,18,7.4042792320251465
1455,40,109,44,16,8,13,36,1,0,0,1,1,2,8,8,7.282761096954346
2310,40,114,55,18,12,7,38,1,0,0,1,2,NA,12,16,7.745002746582031
1682,45,126,40,16,10,11,31,1,0,0,1,1,1,12,16,7.427738666534424
1235,40,82,45,12,10,2,33,1,0,0,1,1,1,11,11,7.118826389312744
855,45,119,45,16,11,4,32,1,0,0,1,3,1,12,9,6.751101493835449
1072,42,104,37,16,6,8,35,1,0,0,1,2,2,12,6,6.97728157043457
1040,40,115,49,15,8,15,35,1,0,0,1,3,4,NA,11,6.946976184844971
1000,50,97,45,12,17,15,36,1,0,0,1,1,2,12,12,6.907755374908447
675,40,105,27,15,8,2,31,1,0,0,0,3,NA,14,12,6.514712810516357
1100,37,100,32,12,14,1,30,1,0,0,1,1,2,7,7,7.003065586090088
996,50,114,41,12,5,14,31,1,0,0,1,2,1,12,10,6.903747081756592
732,40,73,28,10,17,5,36,1,0,0,1,5,6,NA,NA,6.595780372619629
1200,40,96,48,11,15,3,37,1,0,0,1,4,3,8,8,7.090076923370361
1694,30,113,30,15,9,8,29,0,0,0,1,3,1,12,16,7.434847831726074
686,55,106,38,10,15,3,36,1,0,1,1,4,5,14,10,6.530877590179443
754,40,104,37,13,9,5,32,1,0,0,1,1,2,8,NA,6.625392436981201
857,35,80,39,10,14,15,33,1,0,0,1,2,1,NA,12,6.7534379959106445
832,50,104,30,13,4,2,30,1,0,0,1,1,2,12,8,6.723832607269287
579,44,122,36,13,8,1,30,1,0,0,0,4,1,16,16,6.361302375793457
672,61,96,38,12,13,3,34,1,0,0,1,2,NA,12,13,6.510258197784424
2500,40,95,51,15,12,9,36,1,0,0,1,3,1,16,16,7.8240461349487305
1076,45,105,24,12,5,8,31,0,0,0,1,1,1,16,17,6.981005668640137
750,40,94,18,12,16,3,37,1,1,0,1,7,3,8,8,6.620073318481445
1186,30,91,41,17,8,9,33,1,0,0,1,1,1,12,14,7.078341484069824
833,48,96,37,16,9,7,31,1,0,0,1,4,4,12,14,6.725033760070801
650,40,69,37,12,14,11,30,1,1,0,1,3,4,10,9,6.476972579956055
1250,46,110,37,12,5,16,38,1,0,0,0,1,1,NA,12,7.130898952484131
1122,48,111,44,15,12,9,31,1,0,0,1,3,1,9,12,7.0228681564331055
865,40,110,35,16,1,11,31,1,0,0,1,3,1,9,12,6.762729644775391
808,40,97,37,16,10,7,29,1,0,0,1,3,3,9,12,6.694561958312988
1299,60,125,44,18,6,12,35,0,0,0,1,1,2,8,8,7.1693501472473145
903,40,91,39,12,6,12,36,1,0,0,1,5,4,9,10,6.805722713470459
900,40,86,28,12,17,15,37,1,0,0,1,5,3,8,10,6.802394866943359
625,40,110,32,12,18,0,35,1,0,0,1,4,1,9,8,6.437751770019531
1586,40,92,47,14,16,1,36,1,0,1,1,4,4,12,NA,7.3689703941345215
962,40,85,41,10,15,16,38,1,0,0,1,1,2,9,12,6.869014263153076
1539,45,120,36,17,7,8,34,1,0,0,1,1,1,8,8,7.338888168334961
1110,52,106,42,12,11,6,33,1,0,0,0,5,2,12,12,7.012115478515625
1282,45,112,41,16,6,6,31,0,0,1,1,2,2,12,12,7.156176567077637
770,48,91,39,12,13,2,38,1,0,0,1,1,2,10,8,6.646390438079834
1000,45,90,42,12,16,0,38,1,0,0,1,6,3,10,12,6.907755374908447
895,40,86,39,9,17,16,38,1,1,0,0,2,NA,NA,12,6.796823501586914
1205,40,86,32,10,13,0,32,1,1,0,1,5,5,8,NA,7.094234943389893
750,40,113,27,12,11,10,29,1,0,0,0,1,NA,12,12,6.620073318481445
654,50,111,51,13,5,16,38,1,0,0,1,3,3,12,9,6.483107566833496
601,48,111,30,12,15,3,33,1,0,0,1,0,1,12,12,6.398594856262207
600,40,106,32,13,10,11,28,1,0,0,1,6,NA,8,7,6.396929740905762
433,40,98,28,12,11,10,30,0,0,0,1,1,1,12,11,6.070737838745117
1188,40,105,28,12,11,7,30,1,0,0,1,3,1,12,10,7.080026626586914
635,40,105,29,12,15,15,33,1,0,0,0,2,2,10,NA,6.453625202178955
1225,40,118,44,13,9,14,32,1,0,0,1,0,1,12,9,7.110696315765381
1151,45,90,38,12,19,19,36,1,0,0,1,1,1,12,8,7.048386573791504
865,40,95,34,12,15,11,32,0,0,0,1,3,1,9,8,6.762729644775391
1031,40,112,24,14,9,5,29,1,0,0,1,4,2,12,12,6.938284397125244
1049,55,120,39,12,9,11,32,1,0,0,1,3,2,12,10,6.955592632293701
1000,45,123,41,12,12,1,29,1,0,0,1,3,3,12,10,6.907755374908447
1105,40,103,32,13,10,11,30,1,0,0,1,1,1,16,15,7.007600784301758
1924,50,121,40,18,11,7,35,1,0,0,1,3,1,16,18,7.562161445617676
1346,40,90,44,16,9,16,38,1,0,0,1,1,1,12,12,7.204892635345459
809,65,125,32,12,11,10,29,1,0,0,1,0,1,12,12,6.695798873901367
1495,45,109,34,18,10,3,32,1,0,0,1,3,1,9,8,7.309881687164307
1346,50,128,46,16,10,1,33,0,0,0,0,3,1,10,9,7.204892635345459
1200,40,97,35,12,10,4,31,1,0,0,1,3,1,12,12,7.090076923370361
500,40,96,35,12,6,0,33,1,0,1,1,4,4,12,12,6.214608192443848
1325,45,97,44,12,12,5,28,1,0,0,1,1,2,12,8,7.1891679763793945
900,40,78,21,12,16,5,33,1,1,0,1,4,1,7,6,6.802394866943359
800,40,112,39,12,15,3,34,1,0,0,1,6,4,7,NA,6.684611797332764
800,40,88,32,12,16,7,38,1,0,0,1,3,2,2,5,6.684611797332764
1034,40,97,39,12,15,16,36,1,0,0,1,14,10,14,11,6.941190242767334
980,40,101,41,12,4,12,36,1,0,0,1,1,NA,6,9,6.887552738189697
884,40,106,42,10,19,12,34,1,0,0,1,2,1,7,10,6.784457206726074
480,40,59,28,10,11,5,34,0,0,0,1,0,1,8,6,6.173786163330078
923,40,105,54,18,7,14,34,1,0,0,1,1,1,12,12,6.827629089355469
513,45,119,30,17,8,5,31,0,0,0,1,1,1,12,8,6.240275859832764
1105,40,93,36,11,17,16,37,0,0,0,1,2,2,8,8,7.007600784301758
1193,50,82,38,12,19,10,36,1,0,1,1,0,1,12,NA,7.084226608276367
2771,50,134,45,18,6,7,34,1,0,0,1,4,3,16,16,7.9269633293151855
779,40,84,29,12,9,6,30,1,0,0,1,0,1,8,12,6.658010959625244
950,60,98,36,11,13,6,31,1,0,0,1,2,1,12,12,6.856462001800537
1394,40,118,41,16,11,8,30,1,0,0,0,2,1,13,12,7.239932537078857
1495,45,113,50,17,13,9,33,1,0,0,1,3,3,12,8,7.309881687164307
650,40,100,18,12,4,3,28,1,0,0,1,6,2,9,11,6.476972579956055
670,40,93,27,13,9,5,29,1,0,0,1,2,NA,12,12,6.507277488708496
1126,40,119,30,16,5,8,32,1,0,0,1,1,1,12,10,7.026426792144775
450,64,67,19,12,11,1,33,0,1,0,1,6,1,11,4,6.10924768447876
1028,40,111,28,12,19,12,37,1,1,1,1,3,4,12,NA,6.935370445251465
2404,50,106,38,15,8,0,32,1,0,0,1,2,1,12,12,7.784889221191406
1899,40,127,49,18,9,14,36,0,0,0,1,0,1,10,NA,7.5490827560424805
757,40,113,35,16,10,9,33,1,0,0,1,2,1,12,12,6.629363059997559
1250,40,115,36,14,9,1,29,1,0,0,1,2,2,12,12,7.130898952484131
1162,48,102,40,16,8,11,31,1,0,0,1,3,2,12,NA,7.057898044586182
1025,40,85,29,15,9,13,29,1,1,0,1,6,1,14,12,6.932447910308838
1100,50,117,51,16,11,12,32,1,0,0,0,0,1,12,10,7.003065586090088
714,35,125,34,16,7,5,28,1,0,0,1,4,1,10,10,6.570882797241211
1318,35,118,47,16,16,17,37,1,0,0,0,1,1,8,12,7.183870792388916
1411,45,121,40,18,14,3,38,1,0,0,1,3,2,12,16,7.252053737640381
2162,40,115,51,17,4,4,38,1,0,0,1,1,1,12,12,7.678789138793945
1273,55,120,44,14,11,16,36,1,0,0,0,1,1,12,NA,7.149131774902344
1140,48,109,43,12,16,15,35,1,0,0,1,2,2,11,6,7.038783550262451
578,40,109,28,13,7,4,30,0,0,0,1,1,NA,12,11,6.359573841094971
942,40,85,36,12,7,10,38,1,0,0,1,4,5,NA,NA,6.848005294799805
1058,40,85,50,12,17,8,38,1,0,0,0,4,1,12,NA,6.964135646820068
750,40,106,32,14,9,9,29,1,0,0,1,1,2,11,10,6.620073318481445
1000,60,101,30,12,11,6,30,1,0,0,1,3,1,10,10,6.907755374908447
951,60,116,40,12,9,7,30,1,0,0,1,4,5,12,9,6.857513904571533
635,47,91,24,12,13,2,31,1,0,0,1,2,2,7,7,6.453625202178955
1250,40,91,28,12,13,1,34,1,0,0,1,3,1,11,5,7.130898952484131
675,40,110,34,12,6,15,34,1,0,0,1,2,1,7,NA,6.514712810516357
400,40,75,33,12,11,6,32,1,0,0,1,4,NA,7,12,5.991464614868164
577,50,94,17,12,9,8,29,1,0,0,1,2,NA,12,8,6.357842445373535
590,40,109,27,13,10,7,29,1,0,0,0,2,2,12,12,6.380122661590576
923,50,122,38,16,10,10,31,1,0,0,0,1,2,8,8,6.827629089355469
1250,50,102,26,12,6,2,32,0,0,0,1,4,2,11,8,7.130898952484131
1100,40,122,38,14,11,8,33,1,0,0,1,2,3,8,10,7.003065586090088
1130,50,105,38,12,18,2,37,1,0,0,1,4,2,10,10,7.029973030090332
652,50,113,37,12,14,4,36,0,0,0,1,1,2,9,9,6.480044364929199
618,42,104,34,12,6,2,30,1,0,0,1,3,2,8,12,6.426488399505615
962,50,124,43,16,7,14,34,1,0,0,1,2,2,9,11,6.869014263153076
529,40,110,31,13,14,11,32,1,0,0,0,1,1,12,8,6.270988464355469
817,40,95,37,12,16,14,33,1,0,0,0,2,1,12,12,6.705638885498047
962,40,120,39,16,8,9,32,1,0,0,0,0,1,18,NA,6.869014263153076
840,40,105,39,12,19,15,38,1,0,0,0,3,1,12,8,6.733401775360107
866,40,121,30,16,7,4,28,1,0,0,0,1,NA,12,12,6.763885021209717
2404,50,96,42,14,1,1,36,1,0,0,1,5,5,8,10,7.784889221191406
1126,40,110,26,12,16,2,32,1,0,0,1,6,1,9,12,7.026426792144775
1160,40,92,32,12,8,8,31,1,0,0,0,4,1,12,11,7.056175231933594
723,40,98,34,12,15,5,38,1,0,0,1,1,1,9,NA,6.583409309387207
1778,40,109,43,16,14,13,36,1,0,0,1,0,1,11,12,7.4832444190979
1903,48,118,44,18,13,5,36,1,0,0,0,0,1,11,11,7.551187038421631
1010,40,97,42,18,7,14,34,1,0,0,1,4,5,14,NA,6.917705535888672
971,40,95,42,17,5,11,37,1,0,0,1,1,2,16,8,6.878326416015625
525,40,99,40,12,9,2,34,1,0,0,1,2,1,10,8,6.263398170471191
525,40,106,31,12,12,13,30,1,0,0,0,1,1,10,12,6.263398170471191
670,45,117,33,12,10,3,30,1,0,0,0,5,2,12,NA,6.507277488708496
500,45,90,47,12,19,4,37,1,0,0,0,0,1,12,6,6.214608192443848
1058,45,98,45,14,14,15,34,1,0,0,0,2,3,NA,NA,6.964135646820068
550,46,95,44,12,18,15,35,1,0,0,1,1,1,12,11,6.309918403625488
500,45,115,43,12,14,1,32,1,0,0,1,1,2,12,11,6.214608192443848
727,55,106,40,15,10,5,31,0,0,0,1,1,NA,12,12,6.588926315307617
865,40,114,26,12,6,8,30,1,0,0,0,2,3,8,8,6.762729644775391
1081,40,92,34,13,8,2,30,1,0,1,1,3,4,12,10,6.985641956329346
1304,45,119,36,17,9,9,31,1,0,0,0,1,1,13,12,7.173191547393799
575,40,85,32,13,6,1,30,1,0,0,0,1,2,13,12,6.3543701171875
623,45,98,34,16,7,1,30,1,0,0,0,3,1,12,12,6.43454647064209
515,45,114,30,13,8,10,28,1,0,0,0,3,2,12,12,6.244166851043701
1273,55,84,42,18,14,4,37,1,0,0,1,1,1,8,12,7.149131774902344
990,40,108,42,13,13,9,33,1,0,0,0,4,1,16,16,6.897705078125
600,40,107,32,12,16,6,33,1,0,0,0,5,6,8,4,6.396929740905762
1160,40,84,35,12,17,2,38,1,0,0,0,4,2,16,12,7.056175231933594
500,55,86,22,12,11,9,29,1,0,0,0,5,5,10,12,6.214608192443848
795,45,88,27,12,17,18,35,1,0,0,0,2,2,10,12,6.678342342376709
500,50,97,34,11,20,3,37,1,0,0,0,2,1,NA,NA,6.214608192443848
740,50,84,31,10,23,13,38,1,0,0,0,5,1,NA,9,6.606650352478027
1250,40,117,45,16,10,7,33,1,0,0,1,1,1,12,14,7.130898952484131
1014,55,110,42,16,13,9,30,0,0,0,1,1,2,12,14,6.921658039093018
1250,32,104,32,13,13,3,33,1,0,0,1,3,3,9,NA,7.130898952484131
913,40,110,26,14,4,13,29,1,0,0,1,3,4,9,NA,6.816735744476318
1346,40,99,33,16,9,8,30,1,0,0,1,2,NA,11,12,7.204892635345459
445,40,80,31,10,19,0,38,1,0,0,0,5,5,NA,NA,6.098074436187744
265,40,101,43,12,18,2,37,1,0,0,1,1,2,NA,NA,5.579730033874512
1250,40,117,31,14,7,1,28,1,0,0,1,1,2,12,12,7.130898952484131
1607,56,108,41,13,7,9,36,1,0,0,1,2,1,NA,NA,7.382124423980713
1452,35,69,33,16,12,15,38,1,1,0,1,7,6,10,10,7.280697345733643
1391,50,109,38,12,14,8,32,1,1,1,1,1,2,11,9,7.237778186798096
821,45,85,39,16,8,2,32,1,0,0,1,5,6,8,8,6.7105231285095215
794,40,114,36,16,9,7,29,1,0,0,1,1,2,11,9,6.677083492279053
500,30,90,46,13,10,1,38,1,0,0,0,4,3,NA,NA,6.214608192443848
520,50,107,30,18,6,3,29,1,0,0,0,10,1,12,14,6.253829002380371
1730,50,117,41,18,12,12,37,1,0,0,1,1,2,12,8,7.45587682723999
1924,50,112,47,18,9,10,38,1,0,0,1,6,1,16,18,7.562161445617676
1155,60,106,46,18,10,2,37,1,0,0,1,3,3,14,18,7.051855564117432
2162,40,116,38,15,9,4,31,1,0,0,1,2,1,12,17,7.678789138793945
923,50,123,44,14,8,7,31,1,0,0,1,1,2,8,NA,6.827629089355469
1115,40,118,40,16,12,13,33,1,0,0,1,1,1,8,NA,7.0166096687316895
449,36,91,20,12,7,2,30,0,0,0,1,1,NA,NA,NA,6.107022762298584
1500,40,103,29,12,10,11,34,1,0,0,1,2,3,12,7,7.313220500946045
826,40,114,40,14,20,3,37,1,0,0,1,4,4,8,6,6.716594696044922
937,40,102,36,12,16,8,35,1,0,0,1,3,2,12,6,6.8426833152771
978,48,104,36,12,19,15,36,1,0,0,1,5,6,6,NA,6.885509490966797
1031,40,112,43,14,14,12,33,0,0,0,1,6,6,14,12,6.938284397125244
1272,40,107,39,12,10,1,30,1,0,0,1,4,3,12,12,7.148345947265625
1136,50,117,36,14,16,12,34,1,0,1,1,2,3,12,12,7.035268783569336
800,45,110,36,12,19,12,36,1,0,0,1,7,8,NA,NA,6.684611797332764
1339,38,96,42,12,8,9,33,1,0,0,1,0,1,12,11,7.199678421020508
1063,40,90,38,12,14,12,32,1,1,0,1,2,2,8,12,6.968850612640381
935,44,97,27,12,10,6,29,1,0,0,1,2,2,8,7,6.840546607971191
808,40,99,40,12,18,13,38,1,1,0,1,0,1,9,8,6.694561958312988
375,40,99,29,10,12,2,30,1,0,1,0,3,2,8,5,5.926926136016846
537,40,97,32,12,14,8,31,0,1,0,1,2,1,11,NA,6.2859978675842285
1082,55,95,40,12,11,4,29,1,1,0,1,2,2,11,NA,6.986566543579102
930,40,126,44,14,10,1,31,0,0,0,1,3,NA,8,NA,6.835184574127197
1155,40,109,49,17,13,4,38,1,0,0,0,3,3,12,8,7.051855564117432
548,40,86,22,11,7,0,33,1,1,0,1,5,2,11,NA,6.306275367736816
622,45,119,48,16,12,1,33,1,0,0,1,0,1,12,12,6.4329400062561035
841,40,102,38,16,10,1,29,1,0,0,1,3,1,12,12,6.734591484069824
769,55,105,45,18,7,15,38,0,0,0,1,2,3,9,5,6.6450910568237305
587,38,117,40,17,8,5,29,1,0,0,0,3,3,12,NA,6.375024795532227
1924,45,112,40,16,17,18,38,1,0,0,1,1,1,12,12,7.562161445617676
1058,40,89,28,12,7,3,29,1,0,0,1,2,NA,8,6,6.964135646820068
417,48,131,39,12,7,1,28,0,0,0,1,1,2,12,6,6.03308629989624
1202,48,114,28,16,6,6,28,1,0,0,1,3,3,16,16,7.091742038726807
1154,40,98,35,14,18,2,37,1,0,0,1,1,NA,10,14,7.050989627838135
1070,40,124,41,13,4,9,32,1,0,0,1,0,1,NA,NA,6.975413799285889
1202,40,125,30,14,10,11,29,1,0,0,1,2,3,12,12,7.091742038726807
711,45,100,38,18,13,3,36,1,0,0,1,1,NA,10,16,6.566672325134277
1202,40,84,21,14,6,5,31,1,1,0,1,2,1,11,9,7.091742038726807
850,43,113,26,12,7,3,28,1,0,0,1,1,2,8,12,6.745236396789551
1000,40,102,46,16,13,11,35,1,0,0,1,6,2,10,12,6.907755374908447
490,49,82,33,18,7,8,31,0,0,0,1,2,NA,12,9,6.194405555725098
1000,40,112,47,14,15,4,35,1,0,0,1,4,1,12,10,6.907755374908447
865,40,111,38,16,11,4,31,1,0,1,1,4,5,8,5,6.762729644775391
1375,40,96,24,13,3,3,30,1,0,0,1,3,1,11,8,7.2262091636657715
1586,40,127,48,16,16,12,37,1,0,0,1,4,4,16,16,7.3689703941345215
1602,65,97,47,15,14,14,37,1,0,0,1,1,1,8,NA,7.3790082931518555
3078,65,120,50,14,12,13,36,1,0,1,1,1,2,12,NA,8.032034873962402
898,40,101,41,16,7,9,35,0,0,0,1,3,4,16,14,6.800169944763184
906,40,120,40,14,16,2,37,1,0,0,1,5,1,12,12,6.809039115905762
952,40,99,34,13,10,10,31,1,1,0,1,1,1,8,10,6.858564853668213
571,40,78,33,13,10,1,29,0,1,0,1,5,5,8,9,6.347389221191406
445,45,110,23,12,15,13,32,0,0,0,1,2,2,5,11,6.098074436187744
289,40,94,35,12,9,0,30,1,0,0,1,2,3,5,11,5.666426658630371
1444,40,120,50,16,12,15,37,1,0,0,1,1,2,17,13,7.275172233581543
962,55,108,45,12,19,21,36,1,0,0,1,3,1,8,8,6.869014263153076
1075,40,103,31,12,17,10,33,1,0,0,1,13,3,11,11,6.980075836181641
909,55,97,39,11,17,5,35,1,0,0,1,7,3,NA,NA,6.812345027923584
1250,40,106,36,12,14,19,35,1,0,0,1,4,1,11,13,7.130898952484131
620,40,99,22,11,10,5,29,1,1,0,1,11,5,NA,NA,6.4297194480896
1016,40,72,18,10,14,15,37,1,1,0,1,8,9,11,NA,6.923628807067871
800,40,88,29,10,21,14,37,1,1,0,1,8,1,11,8,6.684611797332764
1050,40,119,37,16,7,18,37,0,0,0,1,2,2,12,13,6.956545352935791
1079,50,87,33,12,18,9,36,1,0,0,1,5,5,8,NA,6.983789920806885
654,50,121,49,17,12,13,34,1,0,0,1,1,2,11,12,6.483107566833496
781,50,112,33,12,8,10,30,1,0,0,1,2,2,12,8,6.660574913024902
1038,48,103,36,15,8,2,36,1,0,1,0,2,1,12,15,6.945051193237305
1924,50,99,48,16,16,14,37,1,0,0,1,0,1,16,18,7.562161445617676
1202,40,101,40,15,15,17,37,1,0,0,1,3,2,12,12,7.091742038726807
666,70,117,34,15,8,2,32,1,0,0,1,0,1,NA,NA,6.5012898445129395
905,45,109,41,14,11,14,36,1,0,0,1,3,4,8,8,6.807934761047363
890,70,73,46,12,6,8,31,1,0,0,1,3,1,12,12,6.791221618652344
817,40,116,27,16,10,7,31,1,0,1,0,1,2,16,16,6.705638885498047
812,40,98,42,12,10,2,29,0,0,0,1,3,2,12,12,6.699500560760498
577,60,104,43,14,6,2,30,1,0,1,1,2,3,14,12,6.357842445373535
756,40,78,29,14,9,2,31,1,0,0,1,2,2,12,12,6.6280412673950195
1011,40,104,43,12,20,7,37,1,0,1,1,0,1,NA,NA,6.918695449829102
1155,45,85,39,12,14,1,34,1,0,0,1,2,1,12,12,7.051855564117432
1025,40,104,25,12,12,7,29,1,0,0,1,3,4,12,10,6.932447910308838
1350,40,107,37,12,17,12,35,1,0,0,0,2,3,NA,NA,7.207859992980957
1001,40,109,48,12,20,22,37,1,0,0,1,1,1,8,10,6.908754825592041
796,48,119,31,13,16,15,37,1,1,0,1,7,1,11,NA,6.679599285125732
1230,50,96,33,13,11,12,30,1,0,0,1,3,2,10,11,7.114769458770752
754,40,93,31,12,13,1,30,1,0,0,1,5,NA,NA,NA,6.625392436981201
714,40,90,32,12,17,1,37,1,0,0,0,5,3,12,12,6.570882797241211
1000,45,103,29,15,8,3,32,1,0,0,1,3,4,12,NA,6.907755374908447
2067,40,106,41,16,12,13,33,1,0,1,1,2,1,14,12,7.633853435516357
912,40,96,32,16,11,5,30,1,0,0,1,2,2,14,12,6.815639972686768
600,40,114,39,12,8,5,30,1,0,1,1,6,3,8,8,6.396929740905762
951,40,86,33,11,13,1,31,1,0,0,1,3,4,9,NA,6.857513904571533
711,45,110,38,16,8,5,32,1,0,1,1,3,2,13,12,6.566672325134277
1151,48,87,41,12,18,9,38,1,0,0,1,2,1,12,12,7.048386573791504
1000,40,89,31,12,9,5,28,1,0,0,1,2,3,13,12,6.907755374908447
841,44,106,40,12,15,10,31,1,0,0,1,5,6,8,NA,6.734591484069824
400,70,100,43,12,12,3,32,1,0,0,1,3,2,5,8,5.991464614868164
1175,45,111,38,12,17,14,34,1,0,0,1,0,1,16,4,7.069023609161377
1202,40,100,40,12,18,2,37,1,0,0,1,0,1,12,12,7.091742038726807
1442,40,114,38,12,16,17,33,1,0,0,1,2,3,12,10,7.273786544799805
538,55,98,45,18,5,1,34,1,0,0,1,2,2,13,NA,6.287858486175537
781,40,89,24,11,13,10,30,1,0,0,1,3,1,9,8,6.660574913024902
750,60,74,23,10,13,9,30,1,0,0,1,4,2,11,9,6.620073318481445
841,48,110,37,18,13,1,37,0,1,0,1,1,1,12,12,6.734591484069824
700,50,130,29,13,14,1,38,1,0,0,1,1,2,11,14,6.551080226898193
1346,50,108,51,16,9,4,36,1,0,0,1,1,2,12,10,7.204892635345459
800,45,98,31,12,16,12,33,1,0,0,0,3,4,10,8,6.684611797332764
1250,40,125,27,16,9,10,30,1,0,0,1,3,1,16,NA,7.130898952484131
1105,40,104,29,16,5,8,29,1,0,0,1,3,1,12,12,7.007600784301758
475,52,98,33,14,12,1,30,0,0,0,1,6,1,8,10,6.1633148193359375
762,58,104,37,15,6,4,33,1,0,0,0,2,1,11,12,6.635946750640869
962,40,120,33,12,18,19,36,1,0,0,1,3,NA,8,8,6.869014263153076
721,40,134,38,13,9,9,30,0,0,1,1,3,3,8,8,6.580639362335205
800,50,92,28,9,18,13,34,1,0,0,1,0,1,8,8,6.684611797332764
658,40,129,34,16,11,9,30,1,0,0,1,2,1,13,16,6.4892048835754395
1270,40,118,42,14,4,16,36,1,0,0,1,2,1,12,12,7.146772384643555
1313,40,107,37,12,11,7,28,1,0,0,0,1,NA,12,NA,7.180069923400879
824,42,92,37,12,19,15,38,1,0,0,1,1,1,12,11,6.714170455932617
1442,40,118,33,16,6,7,29,1,0,0,1,2,1,16,12,7.273786544799805
1400,42,108,38,17,7,3,31,1,0,0,1,2,1,12,14,7.244227409362793
1038,50,119,42,12,20,5,36,1,0,0,0,3,3,12,8,6.945051193237305
668,43,109,29,12,11,12,29,1,0,0,0,2,3,8,7,6.504288196563721
1100,40,91,41,12,18,10,36,1,0,0,0,2,3,8,8,7.003065586090088
1000,45,118,38,14,9,7,30,1,0,0,1,3,1,12,10,6.907755374908447
523,43,119,37,13,9,2,30,1,0,0,0,4,1,14,NA,6.259581565856934
1111,40,103,33,14,13,13,31,1,0,0,0,6,3,14,12,7.0130157470703125
962,40,120,25,16,6,4,28,1,0,0,0,4,3,12,8,6.869014263153076
729,47,122,40,18,6,13,34,1,0,0,1,3,3,8,6,6.591673851013184
690,40,119,35,12,9,5,28,1,0,0,1,1,2,8,NA,6.536691665649414
1010,50,104,37,11,15,7,38,1,0,0,0,6,1,9,6,6.917705535888672
600,40,96,22,11,7,2,29,1,0,1,1,4,3,8,8,6.396929740905762
596,40,83,36,12,16,17,34,1,0,0,0,3,3,8,8,6.390240669250488
850,44,115,37,12,11,1,29,1,0,0,1,3,2,NA,NA,6.745236396789551
670,40,88,27,12,9,2,29,1,0,0,1,7,3,10,8,6.507277488708496
793,40,96,43,12,17,18,36,1,0,0,0,4,5,8,8,6.675823211669922
1442,40,123,42,17,14,7,38,1,0,1,0,2,3,12,6,7.273786544799805
670,50,108,43,12,14,8,34,1,0,1,1,5,1,11,7,6.507277488708496
876,45,116,35,16,10,8,29,1,0,0,1,2,1,12,12,6.775366306304932
841,40,109,45,18,13,2,36,1,0,0,0,3,4,16,12,6.734591484069824
975,40,97,39,13,8,0,31,1,0,0,1,3,1,12,12,6.882437705993652
1223,40,107,34,12,7,3,28,1,0,0,0,1,1,12,10,7.109062194824219
910,30,95,27,12,16,5,35,1,0,1,1,2,3,12,14,6.8134446144104
533,45,109,31,15,8,2,30,1,0,0,1,2,2,15,12,6.278521537780762
750,40,104,36,12,15,11,33,1,0,0,0,0,1,12,12,6.620073318481445
1206,40,110,37,12,16,4,38,1,0,0,1,1,1,12,12,7.095064163208008
745,40,94,40,13,17,1,36,0,0,0,0,2,3,13,8,6.613384246826172
900,40,103,38,12,15,1,37,1,0,1,0,3,3,8,6,6.802394866943359
1170,47,123,45,14,9,14,32,1,0,0,1,3,4,8,12,7.064759254455566
540,50,113,33,12,12,3,31,1,0,0,0,5,4,6,12,6.291569232940674
550,40,110,35,16,15,1,38,1,0,0,0,2,1,NA,NA,6.309918403625488
615,40,100,31,14,9,4,30,1,0,0,0,3,3,12,12,6.421622276306152
909,40,95,39,13,6,2,31,1,0,0,1,2,1,12,12,6.812345027923584
769,40,100,34,12,18,12,36,1,0,0,0,1,2,8,8,6.6450910568237305
984,40,108,39,13,17,18,37,1,0,0,1,4,1,15,8,6.891625881195068
833,60,101,47,12,15,12,37,1,0,0,1,5,2,12,NA,6.725033760070801
879,70,90,43,12,17,10,35,0,0,0,1,1,2,12,16,6.77878475189209
1027,45,115,41,12,16,7,35,1,0,0,1,4,3,8,5,6.934397220611572
1000,55,114,41,16,10,1,33,1,0,1,0,0,1,NA,NA,6.907755374908447
465,43,84,33,13,10,1,29,1,0,0,1,3,3,11,11,6.142037391662598
1100,40,92,37,13,21,12,38,1,1,0,1,6,6,12,NA,7.003065586090088
641,45,125,44,14,9,0,37,1,0,0,1,1,1,12,11,6.463029384613037
1035,48,107,42,12,21,14,38,1,0,0,1,1,2,11,8,6.942156791687012
1212,40,129,33,14,9,3,32,0,0,0,1,6,7,8,9,7.100027084350586
950,40,98,40,12,11,6,30,1,0,0,1,3,4,12,12,6.856462001800537
938,44,108,41,12,19,20,38,1,0,0,1,0,1,8,NA,6.84375
1250,40,114,37,16,8,8,30,1,0,0,1,5,3,2,8,7.130898952484131
586,60,111,37,18,6,10,34,1,0,0,0,3,1,12,11,6.373319625854492
693,53,101,29,12,7,6,28,1,0,0,0,1,2,12,12,6.541029930114746
562,40,99,25,12,18,12,34,0,0,0,0,1,1,12,12,6.3315019607543945
375,60,75,24,12,12,5,30,0,0,0,0,4,1,12,8,5.926926136016846
673,40,91,29,12,7,11,38,1,0,0,0,0,1,6,NA,6.511745452880859
654,50,113,38,17,1,13,33,1,0,0,0,1,1,12,10,6.483107566833496
692,50,120,34,12,17,7,35,1,0,0,0,3,4,8,NA,6.539586067199707
1111,40,98,32,14,10,1,29,1,0,0,1,3,1,12,15,7.0130157470703125
1368,45,107,31,16,11,1,33,1,0,1,1,2,2,16,16,7.221105098724365
1282,45,121,39,18,7,13,32,1,0,0,1,2,2,12,12,7.156176567077637
1250,60,115,40,11,19,4,38,1,0,0,1,1,2,NA,NA,7.130898952484131
1346,40,134,42,15,15,7,35,1,0,0,1,2,1,12,10,7.204892635345459
1424,50,96,47,17,15,12,37,1,0,0,1,2,3,NA,NA,7.26122522354126
854,48,120,38,16,8,5,29,0,0,0,1,2,3,12,16,6.749931335449219
888,50,105,36,15,9,5,32,0,0,0,1,2,2,12,10,6.788971900939941
1161,50,121,40,12,5,10,34,1,0,0,1,5,6,10,NA,7.057036876678467
583,58,113,29,16,9,0,30,1,0,0,1,2,2,12,9,6.368186950683594
1260,45,106,37,12,5,3,29,1,0,0,1,2,1,12,13,7.138866901397705
947,48,104,41,18,8,13,35,1,0,0,0,3,2,9,12,6.853299140930176
1850,40,80,23,11,14,15,33,1,0,0,1,3,NA,10,10,7.5229411125183105
1575,40,117,28,12,13,2,30,1,0,0,1,3,3,10,10,7.362010478973389
758,38,126,42,16,10,8,28,0,0,0,1,2,2,12,12,6.630683422088623
1442,40,112,42,12,19,15,36,1,0,0,1,3,2,10,8,7.273786544799805
489,55,104,47,13,20,4,38,1,0,1,1,2,2,NA,NA,6.192362308502197
1126,40,116,33,12,5,0,31,1,1,0,1,9,5,9,10,7.026426792144775
1000,40,70,18,12,12,5,32,0,1,0,1,6,NA,8,8,6.907755374908447
500,70,83,20,12,13,11,32,1,0,0,1,5,1,6,6,6.214608192443848
1200,50,84,13,12,13,9,32,1,0,0,1,5,2,6,6,7.090076923370361
565,45,82,30,10,15,3,33,1,0,0,0,4,4,NA,NA,6.336825847625732
1920,40,109,32,12,13,2,31,1,0,0,0,0,1,12,8,7.560080528259277
684,45,111,25,14,7,7,29,1,0,0,1,4,1,12,12,6.527957916259766
774,40,94,33,12,20,4,37,1,0,0,0,1,1,12,7,6.651571750640869
233,60,96,32,16,7,4,30,1,0,0,0,3,NA,12,8,5.451038360595703
975,40,101,33,13,12,10,30,1,0,0,0,3,3,12,13,6.882437705993652
1366,40,90,35,12,13,1,30,1,0,0,1,3,3,12,12,7.219642162322998
2137,40,120,48,16,16,3,37,1,0,1,1,3,3,12,12,7.667158126831055
700,40,120,38,16,10,1,29,1,0,1,1,1,1,12,12,6.551080226898193
1200,40,108,29,12,16,11,33,1,0,0,1,3,2,8,NA,7.090076923370361
1161,40,99,43,13,16,18,36,1,0,0,1,0,1,12,8,7.057036876678467
729,60,80,31,11,16,15,34,1,0,0,1,6,1,12,6,6.591673851013184
750,45,93,45,11,17,2,36,1,0,0,1,1,2,10,5,6.620073318481445
1026,45,85,46,12,4,16,38,1,0,0,1,1,2,NA,NA,6.933423042297363
1111,45,118,43,15,11,3,32,1,0,0,1,3,1,11,10,7.0130157470703125
625,50,115,31,12,12,8,31,1,0,0,1,2,3,12,NA,6.437751770019531
1200,42,119,28,16,11,5,30,1,0,0,1,5,1,10,11,7.090076923370361
1541,40,94,39,12,8,1,32,1,0,0,1,8,3,12,11,7.340187072753906
1154,40,109,42,16,12,9,34,1,0,0,1,0,1,13,16,7.050989627838135
310,40,104,37,13,10,0,33,0,0,0,0,2,1,14,8,5.736572265625
610,50,89,21,12,14,4,30,1,0,0,0,1,2,7,6,6.413458824157715
1749,43,101,28,12,16,17,36,1,0,0,0,2,2,12,8,7.466799259185791
1000,40,96,34,16,9,1,31,0,0,1,1,4,2,12,7,6.907755374908447
350,40,109,48,12,14,1,36,1,0,0,0,1,1,9,7,5.857933044433594
765,45,94,38,12,17,18,37,1,0,0,0,10,6,4,6,6.639875888824463
790,40,115,34,12,15,2,34,1,0,0,0,6,5,6,5,6.672032833099365
818,47,92,41,12,16,17,38,1,0,0,0,12,1,8,4,6.706862449645996
477,60,71,32,9,12,1,30,1,0,0,0,4,2,11,5,6.167516708374023
938,50,130,39,14,15,1,33,1,0,0,0,3,1,12,11,6.84375
2099,55,119,38,16,10,4,32,1,0,0,1,0,1,12,12,7.649216175079346
350,40,74,24,12,14,3,32,1,0,0,1,4,2,10,13,5.857933044433594
940,48,104,25,12,13,0,32,1,1,0,1,7,2,12,8,6.845880031585693
1202,40,124,23,15,11,8,28,1,0,0,1,2,2,10,NA,7.091742038726807
450,40,94,29,15,9,4,31,1,0,0,0,1,1,12,NA,6.10924768447876
1058,40,120,44,16,16,13,37,1,0,0,0,5,4,12,4,6.964135646820068
1000,40,96,40,11,15,15,37,1,0,0,1,5,5,8,9,6.907755374908447
318,40,67,35,12,16,5,36,1,1,1,1,6,NA,7,5,5.762051582336426
556,40,69,26,11,13,9,34,0,1,0,1,3,NA,8,8,6.320768356323242
958,60,98,42,12,11,9,28,1,0,0,1,0,1,12,11,6.864847660064697
995,40,92,23,9,22,13,38,1,1,0,1,7,3,7,4,6.902742862701416
1600,50,109,44,14,16,5,33,1,0,0,0,2,NA,9,10,7.377758979797363
606,45,100,39,18,6,5,30,0,0,0,0,1,NA,12,12,6.406879901885986
511,45,101,25,12,13,1,30,1,0,0,1,4,2,11,12,6.236369609832764
1411,45,111,40,16,11,12,32,1,0,1,1,1,1,12,9,7.252053737640381
1346,40,106,38,16,15,11,37,1,0,0,1,1,1,8,14,7.204892635345459
1522,46,102,37,12,15,16,37,1,0,0,0,3,2,12,10,7.327780723571777
1075,40,115,28,14,9,10,30,1,0,0,0,2,1,12,10,6.980075836181641
1200,50,99,37,12,11,11,28,1,0,0,1,5,4,10,8,7.090076923370361
1377,37,118,48,16,15,1,36,1,0,0,1,2,2,11,10,7.227662563323975
874,55,132,37,13,8,2,33,1,0,0,0,2,1,13,16,6.773080348968506
625,40,108,26,13,11,9,30,1,0,0,1,3,NA,12,16,6.437751770019531
1250,32,98,40,12,17,2,33,1,0,0,1,0,1,14,10,7.130898952484131
1082,40,111,44,13,20,12,36,1,0,0,1,4,2,8,11,6.986566543579102
693,40,79,36,11,18,3,38,1,0,0,0,3,2,8,8,6.541029930114746
727,55,97,29,12,11,11,31,1,0,0,0,3,1,12,11,6.588926315307617
615,50,99,49,15,16,15,38,1,0,0,0,2,3,12,14,6.421622276306152
913,40,101,33,16,5,7,31,1,0,0,1,2,3,12,NA,6.816735744476318
884,46,120,45,17,4,10,36,1,0,0,0,2,1,12,18,6.784457206726074
698,43,97,33,12,10,4,29,1,0,0,1,2,3,8,8,6.548219203948975
800,55,106,34,12,17,18,36,1,0,0,0,3,3,8,12,6.684611797332764
812,40,131,44,16,9,3,30,0,0,0,0,1,1,12,12,6.699500560760498
1000,40,93,32,11,16,14,34,1,0,0,1,1,NA,12,8,6.907755374908447
549,49,79,23,12,11,3,32,0,0,0,0,4,2,8,8,6.308098316192627
1300,35,100,38,12,13,15,31,1,0,0,1,4,2,11,NA,7.170119762420654
923,50,107,30,16,9,8,33,1,0,0,1,6,4,9,8,6.827629089355469
1539,40,112,42,12,15,15,32,1,0,0,0,3,1,NA,10,7.338888168334961
721,40,105,22,12,11,9,30,1,0,0,0,3,2,12,10,6.580639362335205
815,40,114,25,12,15,14,31,1,0,0,0,2,1,12,10,6.703187942504883
600,80,116,36,12,20,2,38,1,0,0,0,10,10,8,NA,6.396929740905762
1100,40,104,41,12,18,7,37,1,0,0,1,2,3,11,13,7.003065586090088
1058,40,85,48,12,18,19,35,1,0,0,1,2,1,9,12,6.964135646820068
962,40,93,46,12,15,1,30,1,0,0,1,2,2,9,12,6.869014263153076
433,50,100,40,12,5,9,37,1,0,0,0,2,2,8,7,6.070737838745117
940,40,71,20,11,9,2,29,1,0,0,0,2,3,NA,NA,6.845880031585693
1417,38,88,36,16,9,10,32,0,0,0,1,2,1,12,12,7.2562971115112305
1000,65,93,32,12,11,9,29,1,0,0,1,7,1,12,8,6.907755374908447
500,40,98,26,13,14,5,32,1,0,0,0,3,4,12,8,6.214608192443848
800,50,110,35,14,8,5,28,1,0,0,1,3,4,12,10,6.684611797332764
766,40,109,31,12,17,18,35,1,0,0,0,4,3,NA,6,6.641181945800781
750,43,94,38,14,12,10,33,1,0,0,0,1,1,11,12,6.620073318481445
550,40,77,36,12,15,2,37,1,0,0,0,6,3,8,8,6.309918403625488
795,52,89,35,11,16,4,34,1,0,0,1,6,1,NA,NA,6.678342342376709
723,40,102,44,12,12,10,30,1,0,0,1,10,6,12,6,6.583409309387207
1039,40,113,49,14,12,8,34,1,0,0,1,1,2,16,14,6.946013927459717
200,55,103,38,10,11,15,32,1,0,1,1,3,2,12,5,5.2983174324035645
400,40,90,36,10,12,1,32,1,1,0,1,5,3,8,NA,5.991464614868164
575,40,96,31,11,17,1,35,1,0,1,1,2,1,12,7,6.3543701171875
850,40,97,35,11,16,5,37,1,0,1,1,1,1,12,6,6.745236396789551
508,50,87,35,12,16,1,32,1,1,1,1,2,1,10,NA,6.2304816246032715
1162,45,89,39,12,11,4,37,1,0,1,1,3,3,15,NA,7.057898044586182
1199,43,70,28,13,13,5,30,1,1,1,1,3,1,8,NA,7.089242935180664
1270,40,104,34,16,8,4,31,1,0,1,1,3,4,16,17,7.146772384643555
350,45,116,36,16,5,3,33,1,0,1,1,2,2,11,12,5.857933044433594
963,40,85,32,14,9,9,28,1,1,1,1,5,1,7,NA,6.870053291320801
1463,45,104,47,15,14,11,37,1,0,1,1,3,4,12,12,7.288244247436523
802,40,99,26,12,13,12,29,1,1,1,1,8,6,9,12,6.687108516693115
642,45,93,18,12,12,7,30,1,1,1,1,1,2,6,6,6.464588165283203
751,40,114,37,13,9,2,28,1,0,1,1,2,2,12,10,6.621405601501465
488,40,103,40,17,5,3,31,1,0,1,1,1,NA,12,16,6.190315246582031
1400,40,92,34,12,15,5,36,1,0,1,1,2,1,6,2,7.244227409362793
940,45,98,41,18,10,7,31,1,0,1,1,2,2,8,12,6.845880031585693
866,40,114,48,13,15,16,37,1,0,1,1,3,1,12,NA,6.763885021209717
675,40,77,42,12,20,4,38,1,1,1,1,5,2,12,6,6.514712810516357
375,40,89,24,14,9,3,30,1,1,1,1,3,1,13,NA,5.926926136016846
325,40,93,44,14,10,1,33,1,1,1,1,1,NA,16,NA,5.783825397491455
346,40,110,37,12,16,17,38,1,0,1,1,2,NA,12,5,5.846438884735107
1442,40,132,39,17,8,1,33,1,0,1,1,3,1,8,12,7.273786544799805
560,49,112,37,16,13,2,32,1,0,1,0,3,1,8,2,6.32793664932251
550,56,99,42,12,17,11,36,1,0,1,1,1,2,12,12,6.309918403625488
950,44,96,26,16,8,10,32,1,1,1,1,1,2,10,NA,6.856462001800537
684,45,106,45,13,16,2,38,1,0,1,1,1,1,12,14,6.527957916259766
1322,40,128,43,16,7,1,33,1,0,1,1,0,1,18,NA,7.186901092529297
1634,40,95,48,12,18,3,38,1,0,1,1,3,3,NA,3,7.3987860679626465
417,40,80,30,12,8,0,30,0,0,1,1,3,4,8,7,6.03308629989624
472,45,71,24,11,9,0,32,1,0,1,1,13,6,6,6,6.156979084014893
666,50,89,28,12,16,1,34,1,1,1,1,6,1,9,NA,6.5012898445129395
1679,55,127,45,18,10,3,32,1,0,1,1,1,2,12,16,7.4259538650512695
1039,40,114,43,16,1,9,31,0,0,1,1,6,5,8,8,6.946013927459717
1250,40,102,30,13,13,11,30,1,0,1,1,5,6,7,NA,7.130898952484131
760,40,88,34,12,12,15,31,1,0,1,1,2,1,12,7,6.6333184242248535
1154,42,88,32,12,14,12,29,1,0,1,1,2,2,12,7,7.050989627838135
1602,60,110,45,15,14,1,37,1,0,0,1,5,1,14,12,7.3790082931518555
1442,40,110,40,13,13,13,29,1,1,1,1,1,2,7,9,7.273786544799805
865,40,130,39,16,5,3,30,1,0,0,1,4,2,8,12,6.762729644775391
705,50,100,44,12,15,12,36,1,0,1,1,1,2,NA,NA,6.558197975158691
1000,40,101,36,12,16,1,35,1,0,1,1,1,1,12,NA,6.907755374908447
852,44,89,36,10,13,9,32,1,0,1,1,6,7,9,NA,6.747586727142334
770,40,80,25,12,16,14,35,1,0,0,1,1,2,12,12,6.646390438079834
1000,40,72,20,12,16,9,34,1,0,0,1,3,4,12,12,6.907755374908447
1329,55,115,56,18,10,5,36,1,0,0,1,1,1,12,12,7.1921820640563965
1682,40,115,48,16,10,4,37,1,0,1,1,1,2,12,17,7.427738666534424
577,55,108,47,16,4,0,31,1,1,1,1,2,2,8,8,6.357842445373535
685,40,93,27,12,17,7,38,0,0,1,1,6,6,8,3,6.5294189453125
577,40,111,37,16,8,8,29,0,1,1,1,1,1,18,18,6.357842445373535
1040,40,101,38,12,19,9,38,1,1,1,1,6,1,11,12,6.946976184844971
1250,40,92,42,16,10,11,32,0,0,1,1,1,1,12,10,7.130898952484131
600,40,115,40,13,7,7,28,0,0,1,1,4,5,5,NA,6.396929740905762
480,40,76,29,12,17,3,35,0,1,1,1,8,5,11,10,6.173786163330078
1000,40,93,26,11,11,0,29,1,0,1,1,5,3,12,12,6.907755374908447
988,48,91,39,12,15,15,36,1,0,1,1,1,2,8,8,6.8956828117370605
478,45,90,35,10,19,10,34,1,0,1,1,2,1,9,9,6.169610500335693
440,40,84,23,12,11,2,30,1,1,1,1,5,3,9,4,6.086774826049805
485,40,120,43,12,11,1,30,1,1,1,1,6,6,NA,NA,6.184148788452148
705,40,89,32,9,19,0,36,1,1,1,1,0,1,NA,NA,6.558197975158691
1550,40,104,47,12,16,1,34,1,0,1,0,8,4,9,10,7.346010208129883
960,40,107,23,12,11,9,29,1,1,1,1,11,2,6,9,6.866933345794678
1000,40,100,42,12,16,14,32,1,0,1,1,2,3,12,12,6.907755374908447
625,40,129,40,18,4,5,36,1,0,1,0,3,1,15,15,6.437751770019531
1346,40,112,39,16,14,14,35,1,0,0,1,0,1,12,16,7.204892635345459
961,40,76,17,12,13,13,31,0,1,0,1,13,5,NA,8,6.867974281311035
479,40,97,45,12,15,1,38,1,0,1,0,3,4,NA,NA,6.171700477600098
1201,50,98,38,11,17,16,36,1,0,1,0,4,5,11,2,7.090909957885742
1346,45,60,34,16,8,2,31,1,0,1,1,2,3,NA,NA,7.204892635345459
1122,35,132,45,18,13,8,32,1,0,1,1,2,3,12,7,7.0228681564331055
543,45,90,31,14,5,7,38,1,1,1,1,1,2,6,NA,6.297109127044678
450,40,63,26,11,12,4,31,1,1,1,1,7,2,7,NA,6.10924768447876
507,55,110,36,14,10,4,32,1,0,1,1,2,2,13,16,6.228510856628418
547,60,88,38,11,17,5,34,1,0,1,1,4,5,NA,NA,6.30444860458374
586,56,98,41,11,18,16,35,1,0,1,1,2,2,NA,6,6.373319625854492
462,55,61,24,12,6,4,29,1,1,1,0,9,NA,8,3,6.135564804077148
705,40,76,32,12,13,8,37,1,1,0,1,5,NA,NA,NA,6.558197975158691
1566,40,127,44,12,7,1,29,1,0,0,1,3,2,11,NA,7.3562798500061035
1634,40,94,39,13,18,18,36,1,0,1,1,2,2,8,8,7.3987860679626465
1282,45,97,48,16,4,1,32,1,0,0,1,11,3,16,16,7.156176567077637
556,40,127,44,16,6,2,31,1,1,1,1,2,1,12,12,6.320768356323242
1200,40,109,42,15,7,8,33,1,0,0,1,2,1,11,12,7.090076923370361
855,45,89,21,12,6,6,31,1,0,1,0,4,3,3,3,6.751101493835449
1053,40,90,33,12,18,7,37,1,0,1,0,1,1,11,11,6.9593987464904785
1000,48,105,39,12,11,4,28,1,0,1,0,0,1,12,7,6.907755374908447
900,55,100,27,12,18,5,34,0,0,0,1,2,2,8,NA,6.802394866943359
1602,45,111,40,16,10,10,31,1,0,1,0,1,NA,16,12,7.3790082931518555
508,50,125,44,17,9,2,31,1,0,1,1,3,1,16,13,6.2304816246032715
1500,60,124,20,16,6,6,29,1,0,1,0,2,NA,12,10,7.313220500946045
1682,50,107,41,14,15,9,32,1,0,1,1,0,1,12,12,7.427738666534424
750,40,110,45,13,13,1,35,1,0,1,1,2,NA,12,16,6.620073318481445
843,40,102,32,14,8,7,29,1,0,1,0,1,1,16,16,6.736967086791992
409,40,93,26,12,17,18,38,0,0,1,0,0,1,NA,NA,6.0137152671813965
1004,40,81,36,12,17,15,34,1,0,1,0,1,1,12,NA,6.911747455596924
650,40,99,36,12,13,10,30,1,0,1,0,1,2,12,10,6.476972579956055
808,40,93,26,12,17,9,37,1,1,1,0,4,1,NA,NA,6.694561958312988
2137,45,102,35,13,8,2,30,1,0,1,0,0,1,12,12,7.667158126831055
761,48,95,44,12,14,21,38,1,0,1,1,1,1,12,5,6.634633541107178
769,40,98,37,16,8,3,35,0,0,1,1,0,1,11,8,6.6450910568237305
345,40,84,28,12,7,8,31,1,1,1,1,2,2,NA,NA,5.8435444831848145
495,40,88,30,12,6,10,31,1,0,1,1,2,1,NA,7,6.2045578956604
987,38,109,41,16,9,3,31,1,0,1,1,3,4,4,NA,6.894670009613037
2500,60,82,41,12,21,1,38,1,0,1,0,3,3,8,5,7.8240461349487305
1098,45,105,22,14,6,1,32,0,0,1,1,1,2,12,NA,7.001245498657227
1212,40,95,36,12,6,16,38,1,0,1,0,3,1,12,8,7.100027084350586
577,40,92,33,15,8,1,28,1,1,1,1,1,2,10,7,6.357842445373535
390,59,74,26,15,10,3,30,1,1,1,1,3,3,7,6,5.966146945953369
1500,40,123,43,16,9,12,32,1,0,1,1,1,1,12,14,7.313220500946045
583,80,86,24,12,9,1,30,1,0,1,1,2,2,12,12,6.368186950683594
460,40,92,22,11,16,1,36,1,0,1,1,5,6,NA,NA,6.131226539611816
945,40,87,41,12,12,13,38,1,0,1,1,2,2,8,NA,6.851184844970703
1442,60,117,39,16,9,3,31,1,0,1,1,1,2,12,10,7.273786544799805
1333,45,112,50,16,14,8,38,1,0,1,1,1,2,12,4,7.195187091827393
1500,37,119,41,15,8,5,33,0,0,0,1,1,1,12,18,7.313220500946045
1333,45,103,30,16,7,1,34,1,0,0,1,3,1,NA,NA,7.195187091827393
700,40,74,29,12,16,4,36,1,1,1,1,3,NA,9,NA,6.551080226898193
973,36,81,33,13,11,5,32,1,0,1,1,0,1,6,9,6.8803839683532715
2162,40,124,48,18,10,8,32,1,0,1,1,1,1,10,10,7.678789138793945
797,41,89,38,12,10,7,36,1,0,1,0,1,2,7,8,6.680854797363281
400,40,88,34,12,14,1,32,1,1,1,1,7,7,7,6,5.991464614868164
1015,40,67,31,12,15,11,32,1,1,0,1,3,2,9,5,6.922643661499023
1744,43,106,41,16,8,9,29,1,0,1,1,1,1,12,16,7.463936805725098
630,40,103,30,15,14,2,32,1,0,1,0,0,1,11,5,6.4457197189331055
445,40,91,40,12,11,4,32,1,0,1,0,0,1,6,8,6.098074436187744
660,42,101,34,16,12,9,31,1,0,1,1,0,1,12,12,6.492239952087402
779,40,85,30,12,14,7,37,1,1,1,1,7,4,12,NA,6.658010959625244
377,40,83,32,12,9,1,36,0,0,1,1,1,1,12,12,5.932245254516602
560,44,70,34,12,16,11,35,1,1,1,1,2,1,8,NA,6.32793664932251
1122,60,102,54,17,7,13,32,1,0,1,1,2,2,12,11,7.0228681564331055
453,50,94,34,12,9,2,30,1,0,1,0,6,4,7,7,6.115891933441162
1386,40,97,38,10,17,9,37,1,0,1,1,1,2,12,8,7.234177112579346
1539,40,115,38,17,7,9,31,1,0,1,1,2,1,12,16,7.338888168334961
1154,40,117,38,16,11,12,35,1,0,1,1,5,5,17,18,7.050989627838135
962,50,105,45,14,15,2,37,1,0,1,1,3,4,8,4,6.869014263153076
722,55,113,36,16,8,1,38,0,0,1,1,1,2,8,NA,6.582025051116943
480,40,83,37,12,9,3,37,1,0,1,1,4,3,10,11,6.173786163330078
808,50,101,44,18,8,9,38,1,0,1,0,3,2,17,12,6.694561958312988
1442,40,113,36,13,14,8,36,1,0,1,1,2,1,12,12,7.273786544799805
1091,50,88,31,13,13,4,37,1,0,0,1,4,1,12,NA,6.994850158691406
350,40,93,41,12,16,0,33,0,1,1,1,1,1,12,NA,5.857933044433594
500,40,83,39,12,18,11,36,1,1,1,1,0,1,7,NA,6.214608192443848
1026,45,113,27,16,9,13,30,1,0,1,1,2,2,16,14,6.933423042297363
577,40,106,43,17,11,7,33,0,1,1,1,3,2,13,16,6.357842445373535
1333,60,106,38,15,5,1,30,1,0,1,1,2,2,12,12,7.195187091827393
915,55,114,36,12,17,9,37,1,0,0,1,1,NA,10,NA,6.8189239501953125
1105,40,119,32,16,9,10,30,0,0,1,1,5,1,11,10,7.007600784301758
910,40,82,26,14,5,5,30,1,1,1,1,10,NA,9,3,6.8134446144104
1000,40,89,40,12,17,8,38,1,0,1,1,7,7,1,4,6.907755374908447
1160,40,74,18,12,14,1,33,1,1,1,1,9,6,3,4,7.056175231933594
1001,34,77,22,12,12,3,29,1,1,1,1,9,8,3,4,6.908754825592041
713,40,75,25,12,5,12,36,1,1,1,1,7,4,NA,NA,6.569481372833252
929,40,97,28,13,12,5,30,1,0,1,1,2,1,12,12,6.834108829498291
400,50,68,35,12,4,9,31,1,1,1,1,6,1,6,2,5.991464614868164
1241,40,83,51,13,9,10,33,1,0,1,1,2,3,12,12,7.123672962188721
1065,40,97,40,12,21,10,36,1,0,1,1,1,1,12,NA,6.970730304718018
403,45,98,37,12,5,3,30,1,0,1,1,2,NA,12,12,5.998936653137207
940,45,102,30,13,15,12,30,1,1,1,1,2,2,NA,NA,6.845880031585693
812,40,81,20,10,17,13,34,1,1,1,1,2,2,8,3,6.699500560760498
700,20,85,27,10,13,0,35,1,1,1,1,3,NA,6,10,6.551080226898193
575,40,86,20,10,12,6,33,1,1,1,1,8,NA,NA,NA,6.3543701171875
450,40,79,23,10,20,5,36,1,1,1,1,7,6,12,12,6.10924768447876
621,43,84,24,12,14,10,31,1,0,1,0,4,3,8,6,6.431331157684326
441,38,74,24,12,12,11,30,1,0,1,0,4,4,8,6,6.08904504776001
625,40,92,25,16,6,9,33,1,1,1,0,11,1,NA,NA,6.437751770019531
726,45,93,32,12,16,5,36,1,0,1,0,5,2,6,NA,6.587550163269043
500,40,69,18,9,21,13,38,1,1,1,1,8,6,6,NA,6.214608192443848
1000,44,113,41,17,8,2,34,1,0,1,1,4,1,17,18,6.907755374908447
393,48,92,37,12,15,16,38,1,0,1,1,1,1,8,7,5.973809719085693
600,40,127,44,12,8,3,28,0,0,1,0,2,2,9,12,6.396929740905762
962,50,109,44,12,21,12,37,1,0,1,0,0,1,6,NA,6.869014263153076
962,40,97,42,12,15,4,34,1,0,1,0,5,1,10,8,6.869014263153076
865,40,66,30,11,10,7,30,1,0,0,1,14,4,0,10,6.762729644775391
1154,50,109,46,16,10,3,35,1,0,1,1,2,1,16,14,7.050989627838135
1386,42,109,43,16,10,11,34,1,0,1,0,1,1,4,14,7.234177112579346
732,40,104,36,12,10,7,36,1,0,1,1,1,2,NA,NA,6.595780372619629
865,40,85,44,13,4,9,34,1,0,1,1,3,3,8,8,6.762729644775391
700,40,81,26,12,13,13,31,1,0,1,0,5,6,8,4,6.551080226898193
975,40,87,12,9,20,10,37,1,0,1,0,3,NA,5,4,6.882437705993652
1300,40,78,40,13,12,3,33,1,0,1,1,2,3,12,12,7.170119762420654
900,40,54,37,14,12,3,31,1,0,1,1,2,1,12,12,6.802394866943359
829,40,98,33,12,15,15,36,1,0,0,1,4,5,8,8,6.72022008895874
1000,40,98,34,12,17,13,36,1,0,1,1,3,NA,12,NA,6.907755374908447
827,40,105,29,16,7,8,30,1,0,0,1,2,1,16,12,6.717804908752441
500,44,87,25,13,5,2,31,1,0,1,1,7,NA,12,NA,6.214608192443848
1155,40,117,25,13,9,1,28,1,0,0,1,3,2,12,12,7.051855564117432
950,55,85,30,15,8,3,29,0,0,0,1,2,NA,12,12,6.856462001800537
700,40,82,35,13,10,4,30,1,0,0,1,4,5,8,NA,6.551080226898193
1710,45,114,39,18,7,6,32,1,0,0,1,1,1,12,NA,7.444248676300049
533,30,65,21,12,5,1,32,0,1,0,1,5,1,11,12,6.278521537780762
2004,48,105,48,18,10,0,34,1,0,0,1,2,1,12,12,7.602900505065918
890,60,92,20,14,9,8,32,1,0,0,1,1,2,7,7,6.791221618652344
3078,30,107,23,13,11,4,29,1,0,0,1,2,2,12,12,8.032034873962402
1539,40,111,41,17,10,13,37,1,0,0,1,3,2,12,16,7.338888168334961
508,40,73,38,12,1,1,31,1,1,0,1,1,NA,NA,NA,6.2304816246032715
1354,40,119,49,17,13,9,35,0,0,0,0,2,1,16,16,7.210818290710449
1143,35,97,40,12,21,8,38,1,0,0,1,5,1,12,12,7.041411876678467
962,40,110,34,12,16,8,33,1,0,0,1,2,1,10,10,6.869014263153076
1250,44,96,32,12,19,20,38,1,0,0,1,2,1,12,12,7.130898952484131
990,40,67,23,12,16,3,34,1,1,0,1,2,1,8,8,6.897705078125
905,40,102,31,12,17,4,37,1,0,0,0,5,5,12,12,6.807934761047363
926,55,64,22,12,18,0,38,1,0,0,1,4,5,0,2,6.830874443054199
1559,40,103,32,12,17,10,34,1,0,0,1,3,4,8,8,7.351799964904785
1312,40,118,39,10,14,4,32,1,0,0,1,0,1,12,8,7.17930793762207
923,40,118,36,14,8,16,35,1,1,0,1,5,1,7,NA,6.827629089355469
879,40,118,41,18,1,9,31,1,0,0,1,1,2,13,13,6.77878475189209
800,25,75,37,13,14,1,38,1,0,1,1,0,1,12,10,6.684611797332764
1049,50,112,45,14,6,10,32,1,0,0,0,3,3,12,10,6.955592632293701
550,40,95,20,12,4,1,30,0,0,0,0,3,4,12,10,6.309918403625488
1190,40,119,38,17,4,2,34,1,0,0,1,0,1,12,14,7.0817084312438965
583,48,94,35,14,10,6,37,1,0,0,0,2,1,12,12,6.368186950683594
1200,40,103,27,14,5,2,30,1,0,0,1,1,1,6,7,7.090076923370361
797,55,90,36,16,11,5,33,1,0,0,1,5,2,14,17,6.680854797363281
1371,40,128,50,18,8,13,36,1,0,0,0,1,2,16,12,7.22329568862915
360,55,110,44,13,11,1,38,0,1,0,1,4,NA,12,8,5.886104106903076
1270,40,84,40,12,11,12,30,1,0,0,1,2,2,12,12,7.146772384643555
1832,40,97,38,12,16,1,36,1,0,0,1,1,2,8,12,7.5131635665893555
909,40,102,34,12,14,5,33,1,0,0,1,3,3,12,7,6.812345027923584
1746,40,131,41,18,9,10,33,1,0,0,1,7,3,12,12,7.46508264541626
520,40,126,23,16,8,1,30,1,0,0,1,7,5,12,12,6.253829002380371
808,40,107,32,16,6,7,29,1,0,0,0,7,6,12,12,6.694561958312988
2137,45,108,45,16,11,2,36,1,0,0,1,2,3,12,NA,7.667158126831055
692,50,92,49,15,9,3,38,1,1,0,1,0,1,8,8,6.539586067199707
931,80,108,40,16,4,1,36,1,0,0,1,4,2,12,12,6.836259365081787
812,45,115,46,16,11,3,34,1,0,0,1,1,2,12,8,6.699500560760498
866,40,111,44,14,16,14,35,1,0,0,1,1,1,12,12,6.763885021209717
1442,40,115,47,12,14,9,36,1,0,0,1,7,5,12,12,7.273786544799805
500,40,101,31,14,12,0,32,1,0,0,0,2,2,11,6,6.214608192443848
1384,50,114,48,18,12,2,37,1,0,0,1,1,1,12,13,7.232733249664307
528,55,116,40,18,5,9,30,1,0,0,1,4,5,12,12,6.269096374511719
881,40,90,41,12,4,14,36,1,0,0,0,2,3,12,NA,6.781057834625244
1026,45,125,33,12,11,11,28,1,0,0,1,3,1,14,17,6.933423042297363
1212,40,98,26,12,11,12,28,0,0,0,1,4,NA,12,10,7.100027084350586
1620,38,111,42,15,8,5,29,1,0,0,0,1,2,10,NA,7.390181541442871
1843,48,109,38,16,11,2,32,1,0,0,1,3,2,12,NA,7.5191497802734375
1602,60,124,36,16,12,2,37,1,0,0,1,1,2,12,12,7.3790082931518555
1000,40,121,35,13,6,1,33,1,0,0,1,2,2,8,14,6.907755374908447
737,48,103,37,12,7,4,30,1,0,0,1,4,4,10,NA,6.602587699890137
1699,40,96,19,12,10,1,29,0,0,1,1,2,3,12,12,7.437795162200928
1699,40,100,40,12,11,9,33,1,0,0,1,1,2,12,8,7.437795162200928
1025,48,104,30,14,6,5,32,1,0,0,1,2,3,NA,12,6.932447910308838
1107,40,112,38,12,12,5,38,1,0,0,1,5,3,11,12,7.009408950805664
625,40,73,24,11,1,1,31,1,0,0,1,3,4,12,12,6.437751770019531
720,50,101,39,13,1,7,29,1,0,0,1,4,2,11,11,6.579251289367676
855,40,99,44,12,19,10,36,1,0,0,1,1,2,12,12,6.751101493835449
1250,40,95,23,12,12,2,32,1,0,0,1,2,2,12,12,7.130898952484131
1130,40,109,40,18,4,13,38,1,0,0,0,1,2,18,15,7.029973030090332
900,40,110,35,12,6,1,28,0,0,0,1,1,NA,13,13,6.802394866943359
1924,50,98,49,17,6,7,38,1,0,0,1,1,1,4,NA,7.562161445617676
962,40,112,46,15,8,2,37,1,0,0,1,2,1,12,16,6.869014263153076
1874,48,64,37,11,22,3,38,1,1,0,1,7,NA,NA,NA,7.535830497741699
1573,55,90,28,12,5,3,30,1,0,0,1,4,3,11,8,7.360739707946777
940,45,102,46,14,11,7,36,1,0,0,1,1,2,12,10,6.845880031585693
900,40,119,39,16,8,9,30,1,0,0,0,1,2,12,12,6.802394866943359
882,44,96,34,12,15,13,31,1,0,0,0,6,3,8,10,6.782192230224609
1710,45,118,40,18,12,12,38,1,0,0,1,1,1,12,12,7.444248676300049
1260,45,79,39,12,19,15,37,1,0,0,0,3,2,9,8,7.138866901397705
751,40,96,42,12,9,7,38,1,0,0,0,1,1,10,8,6.621405601501465
1097,50,80,27,11,12,12,28,1,0,0,0,5,1,12,11,7.0003342628479
1001,48,137,36,13,11,11,33,1,0,0,0,5,6,12,NA,6.908754825592041
1154,40,116,42,15,11,12,34,0,0,0,0,2,1,12,9,7.050989627838135
1000,43,69,31,12,15,16,35,1,0,0,1,4,4,12,8,6.907755374908447
1250,40,78,36,12,16,3,33,1,0,0,1,9,NA,6,2,7.130898952484131
857,65,99,41,12,18,3,38,1,0,1,1,2,1,8,8,6.7534379959106445
1211,27,92,33,12,13,3,31,1,0,0,1,3,2,16,12,7.099201679229736
937,32,113,23,16,12,7,29,1,0,0,1,3,NA,16,12,6.8426833152771
904,50,98,29,13,7,1,33,1,0,0,1,5,NA,12,NA,6.806829452514648
872,45,115,30,15,7,4,29,1,0,0,1,3,1,12,18,6.770789623260498
1200,40,96,26,9,18,0,34,1,0,0,1,4,3,NA,8,7.090076923370361
1261,40,117,41,17,1,9,35,1,0,0,1,4,1,6,8,7.139660358428955
950,40,96,38,12,14,2,35,1,0,0,1,1,1,8,2,6.856462001800537
115,50,108,46,12,9,3,29,1,0,0,1,5,6,10,11,4.744932174682617
673,40,92,34,17,6,4,31,1,0,0,1,5,5,16,12,6.511745452880859
1084,45,95,38,15,17,10,37,1,0,0,1,1,2,16,16,6.988413333892822
1058,40,94,40,14,13,14,34,1,0,0,1,0,1,15,9,6.964135646820068
800,40,115,38,12,20,12,38,1,0,0,0,7,6,7,8,6.684611797332764
369,40,117,36,18,11,1,31,0,0,0,0,3,4,NA,NA,5.910796642303467
1924,40,105,42,16,14,13,36,1,0,0,0,0,1,12,NA,7.562161445617676
855,40,109,36,12,17,15,36,1,0,0,0,3,1,7,6,6.751101493835449
864,40,87,38,12,15,6,31,1,0,0,0,1,1,12,12,6.76157283782959
1092,44,110,34,16,15,13,36,1,0,0,1,4,4,13,13,6.9957661628723145
1025,40,110,30,16,9,4,30,1,0,0,0,3,NA,10,12,6.932447910308838
850,35,109,32,12,11,2,31,1,0,0,0,2,2,17,NA,6.745236396789551
673,40,85,21,12,17,10,35,1,0,0,0,2,2,12,12,6.511745452880859
800,40,105,42,14,12,12,37,1,0,0,0,3,2,10,12,6.684611797332764
1049,44,122,39,16,7,3,33,1,0,0,0,3,3,10,12,6.955592632293701
884,40,108,40,17,9,11,35,1,0,0,1,3,2,14,9,6.784457206726074
800,40,122,38,16,10,2,31,0,0,1,1,3,3,12,8,6.684611797332764
1200,40,79,32,17,9,9,32,1,0,0,1,0,1,8,8,7.090076923370361
664,40,105,30,12,8,10,29,1,0,0,1,7,6,12,12,6.498281955718994
1111,45,90,47,12,18,18,37,1,0,0,1,6,3,NA,NA,7.0130157470703125
850,43,111,38,16,8,8,34,1,0,0,1,4,2,NA,NA,6.745236396789551
1000,40,110,42,12,6,12,37,1,0,0,1,5,2,8,12,6.907755374908447
875,40,92,32,12,8,4,29,0,0,0,1,4,NA,14,14,6.774223804473877
1202,40,131,32,16,10,2,33,1,0,0,0,3,2,12,12,7.091742038726807
666,40,104,32,12,10,2,29,1,0,0,0,2,3,12,12,6.5012898445129395
923,40,110,39,16,15,11,37,1,0,0,0,2,1,12,7,6.827629089355469
788,40,99,20,12,10,10,28,1,0,1,1,4,5,10,3,6.669497966766357
950,40,86,31,10,23,5,38,1,0,1,1,9,9,NA,6,6.856462001800537
1442,40,105,42,12,9,16,37,1,0,1,1,3,4,NA,NA,7.273786544799805
866,40,85,26,12,11,12,30,1,1,1,0,8,5,6,0,6.763885021209717
625,40,72,34,9,17,5,34,1,0,1,0,10,7,4,NA,6.437751770019531
680,40,86,35,12,13,9,32,0,0,1,0,6,1,6,7,6.522092819213867
693,40,68,38,12,11,19,35,1,0,1,0,5,2,12,8,6.541029930114746
875,36,95,22,12,16,2,38,0,1,1,0,8,9,6,NA,6.774223804473877
2308,40,116,42,17,8,2,38,1,0,0,0,6,1,12,13,7.744136810302734
1196,45,96,45,14,10,4,32,1,0,1,0,2,3,10,6,7.086738109588623
700,38,85,36,12,13,8,32,1,1,1,1,6,NA,2,8,6.551080226898193
721,40,100,32,12,8,8,29,1,0,1,1,3,2,12,4,6.580639362335205
1500,40,101,38,13,13,2,32,1,0,1,1,5,3,12,8,7.313220500946045
1050,50,97,31,15,4,9,31,1,1,1,1,2,1,16,9,6.956545352935791
801,48,100,30,14,6,10,29,1,1,1,1,2,1,NA,NA,6.685861110687256
640,23,96,39,12,7,3,31,0,1,1,1,5,NA,NA,NA,6.46146821975708
1198,32,117,39,16,7,9,30,1,0,1,1,1,2,12,12,7.088408946990967
390,55,93,38,12,4,2,32,1,0,1,1,1,NA,16,13,5.966146945953369
889,36,116,37,12,12,11,28,1,0,1,1,1,2,9,12,6.790097236633301
1076,38,106,42,12,19,20,36,1,0,1,1,1,1,12,9,6.981005668640137
1127,40,98,45,12,17,12,36,1,0,1,1,1,2,14,12,7.02731466293335
750,50,103,36,15,1,1,37,1,0,1,0,1,1,12,9,6.620073318481445
855,40,118,41,14,6,14,33,1,0,1,0,3,1,NA,12,6.751101493835449
525,40,100,22,13,5,1,31,1,0,1,0,1,1,10,12,6.263398170471191
1104,54,96,39,12,11,4,29,1,0,1,0,1,2,10,12,7.00669527053833
553,40,67,22,12,11,10,30,1,1,1,0,7,2,8,9,6.3153581619262695
800,43,96,27,12,10,1,29,1,0,1,0,1,1,10,10,6.684611797332764
1384,50,104,42,13,8,7,31,1,0,1,0,3,1,13,14,7.232733249664307
425,30,106,34,17,8,0,36,0,0,1,0,0,1,14,12,6.052089214324951
510,54,62,34,11,13,4,33,0,1,1,1,7,6,2,10,6.234410762786865
370,32,73,31,12,13,2,31,1,1,1,0,9,2,3,4,5.913503170013428
596,40,62,26,12,16,14,33,1,1,1,0,9,8,2,8,6.390240669250488
402,40,76,28,12,9,4,28,1,1,0,1,4,2,NA,10,5.9964518547058105
418,40,76,26,12,12,2,31,1,1,1,0,0,1,9,10,6.0354814529418945
1133,40,106,44,16,13,10,36,1,0,1,0,1,1,12,NA,7.032624244689941
681,40,94,24,12,18,15,35,0,0,1,1,4,NA,9,10,6.523562431335449
950,40,81,29,11,16,5,35,1,0,1,0,3,4,10,6,6.856462001800537
600,40,87,15,10,20,7,36,1,0,1,0,0,1,5,6,6.396929740905762
661,40,96,25,13,8,6,29,0,0,1,0,3,2,NA,5,6.493753910064697
925,40,75,27,12,12,9,30,1,0,1,0,2,2,6,NA,6.829793930053711
550,40,95,34,12,14,13,31,1,0,1,0,0,1,5,5,6.309918403625488
606,40,86,19,11,13,11,30,1,0,1,0,4,4,3,7,6.406879901885986
425,40,86,17,10,7,1,30,1,0,1,0,4,4,3,7,6.052089214324951
340,50,104,41,14,4,1,31,1,0,1,1,5,3,8,18,5.828945636749268
692,50,95,21,12,16,9,34,1,0,1,1,2,2,7,5,6.539586067199707
575,40,116,37,12,11,9,29,1,0,1,0,1,2,8,12,6.3543701171875
571,40,66,20,9,15,10,33,1,0,1,0,5,1,8,6,6.347389221191406
817,40,101,38,16,11,9,32,1,0,1,1,1,2,0,5,6.705638885498047
987,40,96,23,12,11,5,29,1,0,1,0,1,2,12,12,6.894670009613037
616,55,104,41,12,16,18,35,1,0,1,1,4,5,9,NA,6.42324686050415
1026,60,105,34,16,12,1,35,1,0,0,1,3,1,14,10,6.933423042297363
808,40,106,34,12,4,3,29,1,0,0,1,1,2,8,7,6.694561958312988
808,50,101,34,17,8,0,30,1,0,1,1,1,2,15,15,6.694561958312988
788,40,96,42,12,13,5,36,1,0,1,1,4,1,12,12,6.669497966766357
850,40,105,34,12,6,2,33,1,0,0,1,1,1,12,9,6.745236396789551
900,38,106,40,12,10,19,38,1,0,1,1,7,NA,3,2,6.802394866943359
1418,45,102,44,12,19,20,36,1,0,1,1,2,3,8,8,7.257002830505371
260,40,75,35,12,21,0,37,1,1,1,0,3,3,NA,NA,5.5606818199157715
662,45,99,27,14,7,2,28,1,1,1,0,6,1,5,5,6.495265483856201
562,55,90,46,13,4,1,38,1,0,1,0,1,1,12,11,6.3315019607543945
562,80,104,30,12,11,5,28,1,0,1,0,1,NA,12,12,6.3315019607543945
357,70,115,37,13,5,2,30,1,0,1,1,6,7,NA,NA,5.877735614776611
1009,40,118,37,16,11,12,32,1,0,1,0,0,1,12,10,6.916715145111084
1442,40,108,40,12,17,17,36,1,0,1,1,1,1,9,12,7.273786544799805
651,40,76,30,11,11,2,29,1,1,0,1,7,7,10,11,6.478509426116943
750,40,50,28,12,14,5,32,1,1,1,0,10,NA,3,NA,6.620073318481445
754,40,55,23,12,13,14,33,1,1,1,0,2,1,10,NA,6.625392436981201
700,40,73,23,12,17,9,38,1,1,1,0,8,3,NA,NA,6.551080226898193
503,40,84,14,11,11,2,30,0,1,0,1,3,NA,9,9,6.220590114593506
937,40,104,37,12,14,15,32,1,0,1,0,1,2,12,9,6.8426833152771
624,40,92,40,10,18,10,36,1,0,1,0,2,3,10,6,6.436150550842285
750,40,83,27,12,4,10,32,1,1,1,0,7,1,10,6,6.620073318481445
900,40,98,36,14,1,8,30,1,1,1,0,7,2,10,6,6.802394866943359
540,40,70,25,10,12,10,29,1,1,1,0,9,NA,10,7,6.291569232940674
642,35,87,26,13,9,3,30,1,0,1,0,10,10,4,10,6.464588165283203
400,50,96,38,15,6,10,28,0,0,1,0,5,NA,12,NA,5.991464614868164
900,40,80,34,10,15,14,38,1,0,1,0,3,3,12,10,6.802394866943359
513,40,104,40,16,8,10,33,1,0,1,0,5,2,12,10,6.240275859832764
894,40,104,35,18,7,10,35,1,0,1,0,7,8,9,8,6.795705795288086
1282,60,96,24,18,7,5,32,1,0,1,1,4,2,12,18,7.156176567077637
485,40,89,24,12,10,9,30,0,0,1,0,4,3,12,18,6.184148788452148
325,55,113,39,12,11,5,29,1,0,1,0,1,2,10,13,5.783825397491455
769,45,105,29,12,16,5,33,1,0,1,0,4,1,7,7,6.6450910568237305
618,40,84,39,14,6,8,31,0,0,1,1,7,8,7,4,6.426488399505615
1040,48,108,36,12,16,17,35,1,0,1,1,6,7,7,3,6.946976184844971
751,40,104,32,12,15,4,34,1,0,1,1,4,3,8,3,6.621405601501465
380,50,106,28,12,15,11,30,1,0,1,0,2,1,7,7,5.940171241760254
300,24,83,45,12,16,3,37,1,1,1,1,4,1,3,NA,5.703782558441162
753,46,70,34,10,21,7,38,1,0,1,1,4,2,12,7,6.624065399169922
1065,65,104,39,16,10,11,34,1,0,1,1,2,3,11,12,6.970730304718018
1070,40,91,42,12,13,1,30,1,0,0,1,1,2,14,12,6.975413799285889
1573,55,112,42,18,7,8,34,1,0,1,1,1,1,14,18,7.360739707946777
650,40,97,27,10,14,9,30,1,0,1,0,5,1,12,9,6.476972579956055
700,45,99,40,12,15,7,32,1,0,1,0,4,2,10,10,6.551080226898193
494,40,74,30,12,16,4,34,1,1,1,0,5,NA,NA,NA,6.202535629272461
890,48,100,40,12,4,8,31,1,0,1,0,0,1,NA,NA,6.791221618652344
520,40,86,28,10,15,12,31,1,0,1,0,0,1,6,NA,6.253829002380371
891,40,90,36,12,16,16,32,1,0,1,0,5,5,12,9,6.792344570159912
570,50,101,43,12,11,12,30,1,0,0,1,2,3,12,NA,6.345636367797852
1444,40,109,33,15,11,1,29,1,0,1,1,2,1,11,9,7.275172233581543
481,48,98,26,12,14,2,31,0,1,0,1,4,3,NA,NA,6.175867080688477
500,44,107,40,12,21,12,38,1,0,1,0,2,NA,12,7,6.214608192443848
1473,40,110,48,16,15,15,36,1,0,1,0,1,2,12,14,7.295056343078613
803,40,120,35,13,4,1,28,1,0,1,1,3,4,10,12,6.6883544921875
962,50,97,34,16,7,2,30,1,0,1,1,0,1,12,12,6.869014263153076
1000,44,103,37,12,9,5,29,1,0,1,1,0,1,11,NA,6.907755374908447
600,40,114,36,16,5,4,30,1,0,1,1,2,1,12,12,6.396929740905762
450,40,95,31,11,12,2,30,1,0,1,0,2,3,8,8,6.10924768447876
629,60,93,32,12,6,1,30,1,1,1,0,8,3,10,6,6.444131374359131
492,60,67,38,12,15,2,34,1,1,1,0,3,NA,8,NA,6.198478698730469
1562,40,97,28,17,7,2,32,1,0,1,1,5,1,12,13,7.353722095489502
357,70,97,34,14,6,3,28,1,0,1,0,1,2,13,16,5.877735614776611
960,40,83,25,13,14,13,32,1,0,1,1,4,NA,10,NA,6.866933345794678
566,45,104,46,16,5,2,32,1,0,1,0,1,2,12,12,6.33859395980835
481,40,82,27,12,9,2,32,1,0,1,0,2,2,12,8,6.175867080688477
1442,40,113,45,16,8,10,35,1,0,1,1,2,2,8,8,7.273786544799805
645,45,93,39,12,11,3,35,1,0,1,0,7,7,7,8,6.469250202178955
788,40,100,23,11,15,6,32,1,1,1,0,5,NA,9,NA,6.669497966766357
644,42,101,38,12,11,5,33,1,0,1,0,4,3,12,NA,6.467698574066162
477,45,100,33,12,9,3,31,1,0,1,0,3,3,7,7,6.167516708374023
664,60,82,30,16,10,9,34,1,1,1,1,3,4,16,16,6.498281955718994
520,40,79,28,16,6,1,30,1,1,1,0,0,1,11,NA,6.253829002380371
1202,40,102,32,13,10,3,31,1,0,1,1,7,7,8,6,7.091742038726807
538,45,77,22,12,12,10,28,1,1,1,0,9,NA,7,NA,6.287858486175537
873,44,109,25,12,12,12,28,1,0,1,0,1,1,NA,11,6.77193546295166
1000,40,107,32,12,17,18,35,1,0,1,0,5,1,NA,NA,6.907755374908447
